series_id,name,units,ISO,date,amount
PET.W_EPPO6_IM0_R40-Z00_MBBLD.4,"Rocky Mountain (PADD 4) Imports of Other Oils (Excluding Fuel Ethanol), 4 Week Avg",Thousand Barrels per Day,4,20210312,4
PET.W_EPPO6_IM0_R40-Z00_MBBLD.4,"Rocky Mountain (PADD 4) Imports of Other Oils (Excluding Fuel Ethanol), 4 Week Avg",Thousand Barrels per Day,4,20210305,5
PET.W_EPPO6_IM0_R40-Z00_MBBLD.4,"Rocky Mountain (PADD 4) Imports of Other Oils (Excluding Fuel Ethanol), 4 Week Avg",Thousand Barrels per Day,4,20210226,7
PET.W_EPPO6_IM0_R40-Z00_MBBLD.4,"Rocky Mountain (PADD 4) Imports of Other Oils (Excluding Fuel Ethanol), 4 Week Avg",Thousand Barrels per Day,4,20210219,7
PET.W_EPPO6_IM0_R40-Z00_MBBLD.4,"Rocky Mountain (PADD 4) Imports of Other Oils (Excluding Fuel Ethanol), 4 Week Avg",Thousand Barrels per Day,4,20210212,8
PET.W_EPPO6_IM0_R40-Z00_MBBLD.4,"Rocky Mountain (PADD 4) Imports of Other Oils (Excluding Fuel Ethanol), 4 Week Avg",Thousand Barrels per Day,4,20210205,8
PET.W_EPPO6_IM0_R40-Z00_MBBLD.4,"Rocky Mountain (PADD 4) Imports of Other Oils (Excluding Fuel Ethanol), 4 Week Avg",Thousand Barrels per Day,4,20210129,9
PET.W_EPPO6_IM0_R40-Z00_MBBLD.4,"Rocky Mountain (PADD 4) Imports of Other Oils (Excluding Fuel Ethanol), 4 Week Avg",Thousand Barrels per Day,4,20210122,7
PET.W_EPPO6_IM0_R40-Z00_MBBLD.4,"Rocky Mountain (PADD 4) Imports of Other Oils (Excluding Fuel Ethanol), 4 Week Avg",Thousand Barrels per Day,4,20210115,8
PET.W_EPPO6_IM0_R40-Z00_MBBLD.4,"Rocky Mountain (PADD 4) Imports of Other Oils (Excluding Fuel Ethanol), 4 Week Avg",Thousand Barrels per Day,4,20210108,10
PET.W_EPPO6_IM0_R40-Z00_MBBLD.4,"Rocky Mountain (PADD 4) Imports of Other Oils (Excluding Fuel Ethanol), 4 Week Avg",Thousand Barrels per Day,4,20210101,9
PET.W_EPPO6_IM0_R40-Z00_MBBLD.4,"Rocky Mountain (PADD 4) Imports of Other Oils (Excluding Fuel Ethanol), 4 Week Avg",Thousand Barrels per Day,4,20201225,10
PET.W_EPPO6_IM0_R40-Z00_MBBLD.4,"Rocky Mountain (PADD 4) Imports of Other Oils (Excluding Fuel Ethanol), 4 Week Avg",Thousand Barrels per Day,4,20201218,10
PET.W_EPPO6_IM0_R40-Z00_MBBLD.4,"Rocky Mountain (PADD 4) Imports of Other Oils (Excluding Fuel Ethanol), 4 Week Avg",Thousand Barrels per Day,4,20201211,8
PET.W_EPPO6_IM0_R40-Z00_MBBLD.4,"Rocky Mountain (PADD 4) Imports of Other Oils (Excluding Fuel Ethanol), 4 Week Avg",Thousand Barrels per Day,4,20201204,7
PET.W_EPPO6_IM0_R40-Z00_MBBLD.4,"Rocky Mountain (PADD 4) Imports of Other Oils (Excluding Fuel Ethanol), 4 Week Avg",Thousand Barrels per Day,4,20201127,6
PET.W_EPPO6_IM0_R40-Z00_MBBLD.4,"Rocky Mountain (PADD 4) Imports of Other Oils (Excluding Fuel Ethanol), 4 Week Avg",Thousand Barrels per Day,4,20201120,5
PET.W_EPPO6_IM0_R40-Z00_MBBLD.4,"Rocky Mountain (PADD 4) Imports of Other Oils (Excluding Fuel Ethanol), 4 Week Avg",Thousand Barrels per Day,4,20201113,4
PET.W_EPPO6_IM0_R40-Z00_MBBLD.4,"Rocky Mountain (PADD 4) Imports of Other Oils (Excluding Fuel Ethanol), 4 Week Avg",Thousand Barrels per Day,4,20201106,4
PET.W_EPPO6_IM0_R40-Z00_MBBLD.4,"Rocky Mountain (PADD 4) Imports of Other Oils (Excluding Fuel Ethanol), 4 Week Avg",Thousand Barrels per Day,4,20201030,3
PET.W_EPPO6_IM0_R40-Z00_MBBLD.4,"Rocky Mountain (PADD 4) Imports of Other Oils (Excluding Fuel Ethanol), 4 Week Avg",Thousand Barrels per Day,4,20201023,3
PET.W_EPPO6_IM0_R40-Z00_MBBLD.4,"Rocky Mountain (PADD 4) Imports of Other Oils (Excluding Fuel Ethanol), 4 Week Avg",Thousand Barrels per Day,4,20201016,3
PET.W_EPPO6_IM0_R40-Z00_MBBLD.4,"Rocky Mountain (PADD 4) Imports of Other Oils (Excluding Fuel Ethanol), 4 Week Avg",Thousand Barrels per Day,4,20201009,3
PET.W_EPPO6_IM0_R40-Z00_MBBLD.4,"Rocky Mountain (PADD 4) Imports of Other Oils (Excluding Fuel Ethanol), 4 Week Avg",Thousand Barrels per Day,4,20201002,2
PET.W_EPPO6_IM0_R40-Z00_MBBLD.4,"Rocky Mountain (PADD 4) Imports of Other Oils (Excluding Fuel Ethanol), 4 Week Avg",Thousand Barrels per Day,4,20200925,2
PET.W_EPPO6_IM0_R40-Z00_MBBLD.4,"Rocky Mountain (PADD 4) Imports of Other Oils (Excluding Fuel Ethanol), 4 Week Avg",Thousand Barrels per Day,4,20200918,3
PET.W_EPPO6_IM0_R40-Z00_MBBLD.4,"Rocky Mountain (PADD 4) Imports of Other Oils (Excluding Fuel Ethanol), 4 Week Avg",Thousand Barrels per Day,4,20200911,4
PET.W_EPPO6_IM0_R40-Z00_MBBLD.4,"Rocky Mountain (PADD 4) Imports of Other Oils (Excluding Fuel Ethanol), 4 Week Avg",Thousand Barrels per Day,4,20200904,5
PET.W_EPPO6_IM0_R40-Z00_MBBLD.4,"Rocky Mountain (PADD 4) Imports of Other Oils (Excluding Fuel Ethanol), 4 Week Avg",Thousand Barrels per Day,4,20200828,5
PET.W_EPPO6_IM0_R40-Z00_MBBLD.4,"Rocky Mountain (PADD 4) Imports of Other Oils (Excluding Fuel Ethanol), 4 Week Avg",Thousand Barrels per Day,4,20200821,4
PET.W_EPPO6_IM0_R40-Z00_MBBLD.4,"Rocky Mountain (PADD 4) Imports of Other Oils (Excluding Fuel Ethanol), 4 Week Avg",Thousand Barrels per Day,4,20200814,4
PET.W_EPPO6_IM0_R40-Z00_MBBLD.4,"Rocky Mountain (PADD 4) Imports of Other Oils (Excluding Fuel Ethanol), 4 Week Avg",Thousand Barrels per Day,4,20200807,4
PET.W_EPPO6_IM0_R40-Z00_MBBLD.4,"Rocky Mountain (PADD 4) Imports of Other Oils (Excluding Fuel Ethanol), 4 Week Avg",Thousand Barrels per Day,4,20200731,3
PET.W_EPPO6_IM0_R40-Z00_MBBLD.4,"Rocky Mountain (PADD 4) Imports of Other Oils (Excluding Fuel Ethanol), 4 Week Avg",Thousand Barrels per Day,4,20200724,2
PET.W_EPPO6_IM0_R40-Z00_MBBLD.4,"Rocky Mountain (PADD 4) Imports of Other Oils (Excluding Fuel Ethanol), 4 Week Avg",Thousand Barrels per Day,4,20200717,2
PET.W_EPPO6_IM0_R40-Z00_MBBLD.4,"Rocky Mountain (PADD 4) Imports of Other Oils (Excluding Fuel Ethanol), 4 Week Avg",Thousand Barrels per Day,4,20200710,2
PET.W_EPPO6_IM0_R40-Z00_MBBLD.4,"Rocky Mountain (PADD 4) Imports of Other Oils (Excluding Fuel Ethanol), 4 Week Avg",Thousand Barrels per Day,4,20200703,3
PET.W_EPPO6_IM0_R40-Z00_MBBLD.4,"Rocky Mountain (PADD 4) Imports of Other Oils (Excluding Fuel Ethanol), 4 Week Avg",Thousand Barrels per Day,4,20200626,3
PET.W_EPPO6_IM0_R40-Z00_MBBLD.4,"Rocky Mountain (PADD 4) Imports of Other Oils (Excluding Fuel Ethanol), 4 Week Avg",Thousand Barrels per Day,4,20200619,4
PET.W_EPPO6_IM0_R40-Z00_MBBLD.4,"Rocky Mountain (PADD 4) Imports of Other Oils (Excluding Fuel Ethanol), 4 Week Avg",Thousand Barrels per Day,4,20200612,3
PET.W_EPPO6_IM0_R40-Z00_MBBLD.4,"Rocky Mountain (PADD 4) Imports of Other Oils (Excluding Fuel Ethanol), 4 Week Avg",Thousand Barrels per Day,4,20200605,3
PET.W_EPPO6_IM0_R40-Z00_MBBLD.4,"Rocky Mountain (PADD 4) Imports of Other Oils (Excluding Fuel Ethanol), 4 Week Avg",Thousand Barrels per Day,4,20200529,2
PET.W_EPPO6_IM0_R40-Z00_MBBLD.4,"Rocky Mountain (PADD 4) Imports of Other Oils (Excluding Fuel Ethanol), 4 Week Avg",Thousand Barrels per Day,4,20200522,1
PET.W_EPPO6_IM0_R40-Z00_MBBLD.4,"Rocky Mountain (PADD 4) Imports of Other Oils (Excluding Fuel Ethanol), 4 Week Avg",Thousand Barrels per Day,4,20200515,2
PET.W_EPPO6_IM0_R40-Z00_MBBLD.4,"Rocky Mountain (PADD 4) Imports of Other Oils (Excluding Fuel Ethanol), 4 Week Avg",Thousand Barrels per Day,4,20200508,2
PET.W_EPPO6_IM0_R40-Z00_MBBLD.4,"Rocky Mountain (PADD 4) Imports of Other Oils (Excluding Fuel Ethanol), 4 Week Avg",Thousand Barrels per Day,4,20200501,2
PET.W_EPPO6_IM0_R40-Z00_MBBLD.4,"Rocky Mountain (PADD 4) Imports of Other Oils (Excluding Fuel Ethanol), 4 Week Avg",Thousand Barrels per Day,4,20200424,3
PET.W_EPPO6_IM0_R40-Z00_MBBLD.4,"Rocky Mountain (PADD 4) Imports of Other Oils (Excluding Fuel Ethanol), 4 Week Avg",Thousand Barrels per Day,4,20200417,3
PET.W_EPPO6_IM0_R40-Z00_MBBLD.4,"Rocky Mountain (PADD 4) Imports of Other Oils (Excluding Fuel Ethanol), 4 Week Avg",Thousand Barrels per Day,4,20200410,4
PET.W_EPPO6_IM0_R40-Z00_MBBLD.4,"Rocky Mountain (PADD 4) Imports of Other Oils (Excluding Fuel Ethanol), 4 Week Avg",Thousand Barrels per Day,4,20200403,5
PET.W_EPPO6_IM0_R40-Z00_MBBLD.4,"Rocky Mountain (PADD 4) Imports of Other Oils (Excluding Fuel Ethanol), 4 Week Avg",Thousand Barrels per Day,4,20200327,6
PET.W_EPPO6_IM0_R40-Z00_MBBLD.4,"Rocky Mountain (PADD 4) Imports of Other Oils (Excluding Fuel Ethanol), 4 Week Avg",Thousand Barrels per Day,4,20200320,8
PET.W_EPPO6_IM0_R40-Z00_MBBLD.4,"Rocky Mountain (PADD 4) Imports of Other Oils (Excluding Fuel Ethanol), 4 Week Avg",Thousand Barrels per Day,4,20200313,8
PET.W_EPPO6_IM0_R40-Z00_MBBLD.4,"Rocky Mountain (PADD 4) Imports of Other Oils (Excluding Fuel Ethanol), 4 Week Avg",Thousand Barrels per Day,4,20200306,8
PET.W_EPPO6_IM0_R40-Z00_MBBLD.4,"Rocky Mountain (PADD 4) Imports of Other Oils (Excluding Fuel Ethanol), 4 Week Avg",Thousand Barrels per Day,4,20200228,7
PET.W_EPPO6_IM0_R40-Z00_MBBLD.4,"Rocky Mountain (PADD 4) Imports of Other Oils (Excluding Fuel Ethanol), 4 Week Avg",Thousand Barrels per Day,4,20200221,5
PET.W_EPPO6_IM0_R40-Z00_MBBLD.4,"Rocky Mountain (PADD 4) Imports of Other Oils (Excluding Fuel Ethanol), 4 Week Avg",Thousand Barrels per Day,4,20200214,4
PET.W_EPPO6_IM0_R40-Z00_MBBLD.4,"Rocky Mountain (PADD 4) Imports of Other Oils (Excluding Fuel Ethanol), 4 Week Avg",Thousand Barrels per Day,4,20200207,3
PET.W_EPPO6_IM0_R40-Z00_MBBLD.4,"Rocky Mountain (PADD 4) Imports of Other Oils (Excluding Fuel Ethanol), 4 Week Avg",Thousand Barrels per Day,4,20200131,3
PET.W_EPPO6_IM0_R40-Z00_MBBLD.4,"Rocky Mountain (PADD 4) Imports of Other Oils (Excluding Fuel Ethanol), 4 Week Avg",Thousand Barrels per Day,4,20200124,3
PET.W_EPPO6_IM0_R40-Z00_MBBLD.4,"Rocky Mountain (PADD 4) Imports of Other Oils (Excluding Fuel Ethanol), 4 Week Avg",Thousand Barrels per Day,4,20200117,2
PET.W_EPPO6_IM0_R40-Z00_MBBLD.4,"Rocky Mountain (PADD 4) Imports of Other Oils (Excluding Fuel Ethanol), 4 Week Avg",Thousand Barrels per Day,4,20200110,2
PET.W_EPPO6_IM0_R40-Z00_MBBLD.4,"Rocky Mountain (PADD 4) Imports of Other Oils (Excluding Fuel Ethanol), 4 Week Avg",Thousand Barrels per Day,4,20200103,2
PET.W_EPPO6_IM0_R40-Z00_MBBLD.4,"Rocky Mountain (PADD 4) Imports of Other Oils (Excluding Fuel Ethanol), 4 Week Avg",Thousand Barrels per Day,4,20191227,4
PET.W_EPPO6_IM0_R40-Z00_MBBLD.4,"Rocky Mountain (PADD 4) Imports of Other Oils (Excluding Fuel Ethanol), 4 Week Avg",Thousand Barrels per Day,4,20191220,4
PET.W_EPPO6_IM0_R40-Z00_MBBLD.4,"Rocky Mountain (PADD 4) Imports of Other Oils (Excluding Fuel Ethanol), 4 Week Avg",Thousand Barrels per Day,4,20191213,4
PET.W_EPPO6_IM0_R40-Z00_MBBLD.4,"Rocky Mountain (PADD 4) Imports of Other Oils (Excluding Fuel Ethanol), 4 Week Avg",Thousand Barrels per Day,4,20191206,5
PET.W_EPPO6_IM0_R40-Z00_MBBLD.4,"Rocky Mountain (PADD 4) Imports of Other Oils (Excluding Fuel Ethanol), 4 Week Avg",Thousand Barrels per Day,4,20191129,3
PET.W_EPPO6_IM0_R40-Z00_MBBLD.4,"Rocky Mountain (PADD 4) Imports of Other Oils (Excluding Fuel Ethanol), 4 Week Avg",Thousand Barrels per Day,4,20191122,4
PET.W_EPPO6_IM0_R40-Z00_MBBLD.4,"Rocky Mountain (PADD 4) Imports of Other Oils (Excluding Fuel Ethanol), 4 Week Avg",Thousand Barrels per Day,4,20191115,4
PET.W_EPPO6_IM0_R40-Z00_MBBLD.4,"Rocky Mountain (PADD 4) Imports of Other Oils (Excluding Fuel Ethanol), 4 Week Avg",Thousand Barrels per Day,4,20191108,6
PET.W_EPPO6_IM0_R40-Z00_MBBLD.4,"Rocky Mountain (PADD 4) Imports of Other Oils (Excluding Fuel Ethanol), 4 Week Avg",Thousand Barrels per Day,4,20191101,5
PET.W_EPPO6_IM0_R40-Z00_MBBLD.4,"Rocky Mountain (PADD 4) Imports of Other Oils (Excluding Fuel Ethanol), 4 Week Avg",Thousand Barrels per Day,4,20191025,5
PET.W_EPPO6_IM0_R40-Z00_MBBLD.4,"Rocky Mountain (PADD 4) Imports of Other Oils (Excluding Fuel Ethanol), 4 Week Avg",Thousand Barrels per Day,4,20191018,5
PET.W_EPPO6_IM0_R40-Z00_MBBLD.4,"Rocky Mountain (PADD 4) Imports of Other Oils (Excluding Fuel Ethanol), 4 Week Avg",Thousand Barrels per Day,4,20191011,5
PET.W_EPPO6_IM0_R40-Z00_MBBLD.4,"Rocky Mountain (PADD 4) Imports of Other Oils (Excluding Fuel Ethanol), 4 Week Avg",Thousand Barrels per Day,4,20191004,5
PET.W_EPPO6_IM0_R40-Z00_MBBLD.4,"Rocky Mountain (PADD 4) Imports of Other Oils (Excluding Fuel Ethanol), 4 Week Avg",Thousand Barrels per Day,4,20190927,5
PET.W_EPPO6_IM0_R40-Z00_MBBLD.4,"Rocky Mountain (PADD 4) Imports of Other Oils (Excluding Fuel Ethanol), 4 Week Avg",Thousand Barrels per Day,4,20190920,6
PET.W_EPPO6_IM0_R40-Z00_MBBLD.4,"Rocky Mountain (PADD 4) Imports of Other Oils (Excluding Fuel Ethanol), 4 Week Avg",Thousand Barrels per Day,4,20190913,4
PET.W_EPPO6_IM0_R40-Z00_MBBLD.4,"Rocky Mountain (PADD 4) Imports of Other Oils (Excluding Fuel Ethanol), 4 Week Avg",Thousand Barrels per Day,4,20190906,4
PET.W_EPPO6_IM0_R40-Z00_MBBLD.4,"Rocky Mountain (PADD 4) Imports of Other Oils (Excluding Fuel Ethanol), 4 Week Avg",Thousand Barrels per Day,4,20190830,3
PET.W_EPPO6_IM0_R40-Z00_MBBLD.4,"Rocky Mountain (PADD 4) Imports of Other Oils (Excluding Fuel Ethanol), 4 Week Avg",Thousand Barrels per Day,4,20190823,1
PET.W_EPPO6_IM0_R40-Z00_MBBLD.4,"Rocky Mountain (PADD 4) Imports of Other Oils (Excluding Fuel Ethanol), 4 Week Avg",Thousand Barrels per Day,4,20190816,1
PET.W_EPPO6_IM0_R40-Z00_MBBLD.4,"Rocky Mountain (PADD 4) Imports of Other Oils (Excluding Fuel Ethanol), 4 Week Avg",Thousand Barrels per Day,4,20190809,2
PET.W_EPPO6_IM0_R40-Z00_MBBLD.4,"Rocky Mountain (PADD 4) Imports of Other Oils (Excluding Fuel Ethanol), 4 Week Avg",Thousand Barrels per Day,4,20190802,1
PET.W_EPPO6_IM0_R40-Z00_MBBLD.4,"Rocky Mountain (PADD 4) Imports of Other Oils (Excluding Fuel Ethanol), 4 Week Avg",Thousand Barrels per Day,4,20190726,2
PET.W_EPPO6_IM0_R40-Z00_MBBLD.4,"Rocky Mountain (PADD 4) Imports of Other Oils (Excluding Fuel Ethanol), 4 Week Avg",Thousand Barrels per Day,4,20190719,2
PET.W_EPPO6_IM0_R40-Z00_MBBLD.4,"Rocky Mountain (PADD 4) Imports of Other Oils (Excluding Fuel Ethanol), 4 Week Avg",Thousand Barrels per Day,4,20190712,1
PET.W_EPPO6_IM0_R40-Z00_MBBLD.4,"Rocky Mountain (PADD 4) Imports of Other Oils (Excluding Fuel Ethanol), 4 Week Avg",Thousand Barrels per Day,4,20190705,2
PET.W_EPPO6_IM0_R40-Z00_MBBLD.4,"Rocky Mountain (PADD 4) Imports of Other Oils (Excluding Fuel Ethanol), 4 Week Avg",Thousand Barrels per Day,4,20190628,1
PET.W_EPPO6_IM0_R40-Z00_MBBLD.4,"Rocky Mountain (PADD 4) Imports of Other Oils (Excluding Fuel Ethanol), 4 Week Avg",Thousand Barrels per Day,4,20190621,1
PET.W_EPPO6_IM0_R40-Z00_MBBLD.4,"Rocky Mountain (PADD 4) Imports of Other Oils (Excluding Fuel Ethanol), 4 Week Avg",Thousand Barrels per Day,4,20190614,1
PET.W_EPPO6_IM0_R40-Z00_MBBLD.4,"Rocky Mountain (PADD 4) Imports of Other Oils (Excluding Fuel Ethanol), 4 Week Avg",Thousand Barrels per Day,4,20190607,1
PET.W_EPPO6_IM0_R40-Z00_MBBLD.4,"Rocky Mountain (PADD 4) Imports of Other Oils (Excluding Fuel Ethanol), 4 Week Avg",Thousand Barrels per Day,4,20190531,2
PET.W_EPPO6_IM0_R40-Z00_MBBLD.4,"Rocky Mountain (PADD 4) Imports of Other Oils (Excluding Fuel Ethanol), 4 Week Avg",Thousand Barrels per Day,4,20190524,2
PET.W_EPPO6_IM0_R40-Z00_MBBLD.4,"Rocky Mountain (PADD 4) Imports of Other Oils (Excluding Fuel Ethanol), 4 Week Avg",Thousand Barrels per Day,4,20190517,2
PET.W_EPPO6_IM0_R40-Z00_MBBLD.4,"Rocky Mountain (PADD 4) Imports of Other Oils (Excluding Fuel Ethanol), 4 Week Avg",Thousand Barrels per Day,4,20190510,3
PET.W_EPPO6_IM0_R40-Z00_MBBLD.4,"Rocky Mountain (PADD 4) Imports of Other Oils (Excluding Fuel Ethanol), 4 Week Avg",Thousand Barrels per Day,4,20190503,3
PET.W_EPPO6_IM0_R40-Z00_MBBLD.4,"Rocky Mountain (PADD 4) Imports of Other Oils (Excluding Fuel Ethanol), 4 Week Avg",Thousand Barrels per Day,4,20190426,3
PET.W_EPPO6_IM0_R40-Z00_MBBLD.4,"Rocky Mountain (PADD 4) Imports of Other Oils (Excluding Fuel Ethanol), 4 Week Avg",Thousand Barrels per Day,4,20190419,4
PET.W_EPPO6_IM0_R40-Z00_MBBLD.4,"Rocky Mountain (PADD 4) Imports of Other Oils (Excluding Fuel Ethanol), 4 Week Avg",Thousand Barrels per Day,4,20190412,4
PET.W_EPPO6_IM0_R40-Z00_MBBLD.4,"Rocky Mountain (PADD 4) Imports of Other Oils (Excluding Fuel Ethanol), 4 Week Avg",Thousand Barrels per Day,4,20190405,4
PET.W_EPPO6_IM0_R40-Z00_MBBLD.4,"Rocky Mountain (PADD 4) Imports of Other Oils (Excluding Fuel Ethanol), 4 Week Avg",Thousand Barrels per Day,4,20190329,4
PET.W_EPPO6_IM0_R40-Z00_MBBLD.4,"Rocky Mountain (PADD 4) Imports of Other Oils (Excluding Fuel Ethanol), 4 Week Avg",Thousand Barrels per Day,4,20190322,3
PET.W_EPPO6_IM0_R40-Z00_MBBLD.4,"Rocky Mountain (PADD 4) Imports of Other Oils (Excluding Fuel Ethanol), 4 Week Avg",Thousand Barrels per Day,4,20190315,2
PET.W_EPPO6_IM0_R40-Z00_MBBLD.4,"Rocky Mountain (PADD 4) Imports of Other Oils (Excluding Fuel Ethanol), 4 Week Avg",Thousand Barrels per Day,4,20190308,2
PET.W_EPPO6_IM0_R40-Z00_MBBLD.4,"Rocky Mountain (PADD 4) Imports of Other Oils (Excluding Fuel Ethanol), 4 Week Avg",Thousand Barrels per Day,4,20190301,1
PET.W_EPPO6_IM0_R40-Z00_MBBLD.4,"Rocky Mountain (PADD 4) Imports of Other Oils (Excluding Fuel Ethanol), 4 Week Avg",Thousand Barrels per Day,4,20190222,2
PET.W_EPPO6_IM0_R40-Z00_MBBLD.4,"Rocky Mountain (PADD 4) Imports of Other Oils (Excluding Fuel Ethanol), 4 Week Avg",Thousand Barrels per Day,4,20190215,3
PET.W_EPPO6_IM0_R40-Z00_MBBLD.4,"Rocky Mountain (PADD 4) Imports of Other Oils (Excluding Fuel Ethanol), 4 Week Avg",Thousand Barrels per Day,4,20190208,4
PET.W_EPPO6_IM0_R40-Z00_MBBLD.4,"Rocky Mountain (PADD 4) Imports of Other Oils (Excluding Fuel Ethanol), 4 Week Avg",Thousand Barrels per Day,4,20190201,6
PET.W_EPPO6_IM0_R40-Z00_MBBLD.4,"Rocky Mountain (PADD 4) Imports of Other Oils (Excluding Fuel Ethanol), 4 Week Avg",Thousand Barrels per Day,4,20190125,7
PET.W_EPPO6_IM0_R40-Z00_MBBLD.4,"Rocky Mountain (PADD 4) Imports of Other Oils (Excluding Fuel Ethanol), 4 Week Avg",Thousand Barrels per Day,4,20190118,7
PET.W_EPPO6_IM0_R40-Z00_MBBLD.4,"Rocky Mountain (PADD 4) Imports of Other Oils (Excluding Fuel Ethanol), 4 Week Avg",Thousand Barrels per Day,4,20190111,6
PET.W_EPPO6_IM0_R40-Z00_MBBLD.4,"Rocky Mountain (PADD 4) Imports of Other Oils (Excluding Fuel Ethanol), 4 Week Avg",Thousand Barrels per Day,4,20190104,4
PET.W_EPPO6_IM0_R40-Z00_MBBLD.4,"Rocky Mountain (PADD 4) Imports of Other Oils (Excluding Fuel Ethanol), 4 Week Avg",Thousand Barrels per Day,4,20181228,4
PET.W_EPPO6_IM0_R40-Z00_MBBLD.4,"Rocky Mountain (PADD 4) Imports of Other Oils (Excluding Fuel Ethanol), 4 Week Avg",Thousand Barrels per Day,4,20181221,3
PET.W_EPPO6_IM0_R40-Z00_MBBLD.4,"Rocky Mountain (PADD 4) Imports of Other Oils (Excluding Fuel Ethanol), 4 Week Avg",Thousand Barrels per Day,4,20181214,3
PET.W_EPPO6_IM0_R40-Z00_MBBLD.4,"Rocky Mountain (PADD 4) Imports of Other Oils (Excluding Fuel Ethanol), 4 Week Avg",Thousand Barrels per Day,4,20181207,2
PET.W_EPPO6_IM0_R40-Z00_MBBLD.4,"Rocky Mountain (PADD 4) Imports of Other Oils (Excluding Fuel Ethanol), 4 Week Avg",Thousand Barrels per Day,4,20181130,3
PET.W_EPPO6_IM0_R40-Z00_MBBLD.4,"Rocky Mountain (PADD 4) Imports of Other Oils (Excluding Fuel Ethanol), 4 Week Avg",Thousand Barrels per Day,4,20181123,3
PET.W_EPPO6_IM0_R40-Z00_MBBLD.4,"Rocky Mountain (PADD 4) Imports of Other Oils (Excluding Fuel Ethanol), 4 Week Avg",Thousand Barrels per Day,4,20181116,2
PET.W_EPPO6_IM0_R40-Z00_MBBLD.4,"Rocky Mountain (PADD 4) Imports of Other Oils (Excluding Fuel Ethanol), 4 Week Avg",Thousand Barrels per Day,4,20181109,2
PET.W_EPPO6_IM0_R40-Z00_MBBLD.4,"Rocky Mountain (PADD 4) Imports of Other Oils (Excluding Fuel Ethanol), 4 Week Avg",Thousand Barrels per Day,4,20181102,0
PET.W_EPPO6_IM0_R40-Z00_MBBLD.4,"Rocky Mountain (PADD 4) Imports of Other Oils (Excluding Fuel Ethanol), 4 Week Avg",Thousand Barrels per Day,4,20181026,1
PET.W_EPPO6_IM0_R40-Z00_MBBLD.4,"Rocky Mountain (PADD 4) Imports of Other Oils (Excluding Fuel Ethanol), 4 Week Avg",Thousand Barrels per Day,4,20181019,0
PET.W_EPPO6_IM0_R40-Z00_MBBLD.4,"Rocky Mountain (PADD 4) Imports of Other Oils (Excluding Fuel Ethanol), 4 Week Avg",Thousand Barrels per Day,4,20181012,1
PET.W_EPPO6_IM0_R40-Z00_MBBLD.4,"Rocky Mountain (PADD 4) Imports of Other Oils (Excluding Fuel Ethanol), 4 Week Avg",Thousand Barrels per Day,4,20181005,1
PET.W_EPPO6_IM0_R40-Z00_MBBLD.4,"Rocky Mountain (PADD 4) Imports of Other Oils (Excluding Fuel Ethanol), 4 Week Avg",Thousand Barrels per Day,4,20180928,1
PET.W_EPPO6_IM0_R40-Z00_MBBLD.4,"Rocky Mountain (PADD 4) Imports of Other Oils (Excluding Fuel Ethanol), 4 Week Avg",Thousand Barrels per Day,4,20180921,2
PET.W_EPPO6_IM0_R40-Z00_MBBLD.4,"Rocky Mountain (PADD 4) Imports of Other Oils (Excluding Fuel Ethanol), 4 Week Avg",Thousand Barrels per Day,4,20180914,2
PET.W_EPPO6_IM0_R40-Z00_MBBLD.4,"Rocky Mountain (PADD 4) Imports of Other Oils (Excluding Fuel Ethanol), 4 Week Avg",Thousand Barrels per Day,4,20180907,3
PET.W_EPPO6_IM0_R40-Z00_MBBLD.4,"Rocky Mountain (PADD 4) Imports of Other Oils (Excluding Fuel Ethanol), 4 Week Avg",Thousand Barrels per Day,4,20180831,3
PET.W_EPPO6_IM0_R40-Z00_MBBLD.4,"Rocky Mountain (PADD 4) Imports of Other Oils (Excluding Fuel Ethanol), 4 Week Avg",Thousand Barrels per Day,4,20180824,4
PET.W_EPPO6_IM0_R40-Z00_MBBLD.4,"Rocky Mountain (PADD 4) Imports of Other Oils (Excluding Fuel Ethanol), 4 Week Avg",Thousand Barrels per Day,4,20180817,3
PET.W_EPPO6_IM0_R40-Z00_MBBLD.4,"Rocky Mountain (PADD 4) Imports of Other Oils (Excluding Fuel Ethanol), 4 Week Avg",Thousand Barrels per Day,4,20180810,3
PET.W_EPPO6_IM0_R40-Z00_MBBLD.4,"Rocky Mountain (PADD 4) Imports of Other Oils (Excluding Fuel Ethanol), 4 Week Avg",Thousand Barrels per Day,4,20180803,2
PET.W_EPPO6_IM0_R40-Z00_MBBLD.4,"Rocky Mountain (PADD 4) Imports of Other Oils (Excluding Fuel Ethanol), 4 Week Avg",Thousand Barrels per Day,4,20180727,1
PET.W_EPPO6_IM0_R40-Z00_MBBLD.4,"Rocky Mountain (PADD 4) Imports of Other Oils (Excluding Fuel Ethanol), 4 Week Avg",Thousand Barrels per Day,4,20180720,1
PET.W_EPPO6_IM0_R40-Z00_MBBLD.4,"Rocky Mountain (PADD 4) Imports of Other Oils (Excluding Fuel Ethanol), 4 Week Avg",Thousand Barrels per Day,4,20180713,1
PET.W_EPPO6_IM0_R40-Z00_MBBLD.4,"Rocky Mountain (PADD 4) Imports of Other Oils (Excluding Fuel Ethanol), 4 Week Avg",Thousand Barrels per Day,4,20180706,2
PET.W_EPPO6_IM0_R40-Z00_MBBLD.4,"Rocky Mountain (PADD 4) Imports of Other Oils (Excluding Fuel Ethanol), 4 Week Avg",Thousand Barrels per Day,4,20180629,2
PET.W_EPPO6_IM0_R40-Z00_MBBLD.4,"Rocky Mountain (PADD 4) Imports of Other Oils (Excluding Fuel Ethanol), 4 Week Avg",Thousand Barrels per Day,4,20180622,2
PET.W_EPPO6_IM0_R40-Z00_MBBLD.4,"Rocky Mountain (PADD 4) Imports of Other Oils (Excluding Fuel Ethanol), 4 Week Avg",Thousand Barrels per Day,4,20180615,2
PET.W_EPPO6_IM0_R40-Z00_MBBLD.4,"Rocky Mountain (PADD 4) Imports of Other Oils (Excluding Fuel Ethanol), 4 Week Avg",Thousand Barrels per Day,4,20180608,2
PET.W_EPPO6_IM0_R40-Z00_MBBLD.4,"Rocky Mountain (PADD 4) Imports of Other Oils (Excluding Fuel Ethanol), 4 Week Avg",Thousand Barrels per Day,4,20180601,1
PET.W_EPPO6_IM0_R40-Z00_MBBLD.4,"Rocky Mountain (PADD 4) Imports of Other Oils (Excluding Fuel Ethanol), 4 Week Avg",Thousand Barrels per Day,4,20180525,1
PET.W_EPPO6_IM0_R40-Z00_MBBLD.4,"Rocky Mountain (PADD 4) Imports of Other Oils (Excluding Fuel Ethanol), 4 Week Avg",Thousand Barrels per Day,4,20180518,0
PET.W_EPPO6_IM0_R40-Z00_MBBLD.4,"Rocky Mountain (PADD 4) Imports of Other Oils (Excluding Fuel Ethanol), 4 Week Avg",Thousand Barrels per Day,4,20180511,0
PET.W_EPPO6_IM0_R40-Z00_MBBLD.4,"Rocky Mountain (PADD 4) Imports of Other Oils (Excluding Fuel Ethanol), 4 Week Avg",Thousand Barrels per Day,4,20180504,1
PET.W_EPPO6_IM0_R40-Z00_MBBLD.4,"Rocky Mountain (PADD 4) Imports of Other Oils (Excluding Fuel Ethanol), 4 Week Avg",Thousand Barrels per Day,4,20180427,2
PET.W_EPPO6_IM0_R40-Z00_MBBLD.4,"Rocky Mountain (PADD 4) Imports of Other Oils (Excluding Fuel Ethanol), 4 Week Avg",Thousand Barrels per Day,4,20180420,3
PET.W_EPPO6_IM0_R40-Z00_MBBLD.4,"Rocky Mountain (PADD 4) Imports of Other Oils (Excluding Fuel Ethanol), 4 Week Avg",Thousand Barrels per Day,4,20180413,3
PET.W_EPPO6_IM0_R40-Z00_MBBLD.4,"Rocky Mountain (PADD 4) Imports of Other Oils (Excluding Fuel Ethanol), 4 Week Avg",Thousand Barrels per Day,4,20180406,3
PET.W_EPPO6_IM0_R40-Z00_MBBLD.4,"Rocky Mountain (PADD 4) Imports of Other Oils (Excluding Fuel Ethanol), 4 Week Avg",Thousand Barrels per Day,4,20180330,3
PET.W_EPPO6_IM0_R40-Z00_MBBLD.4,"Rocky Mountain (PADD 4) Imports of Other Oils (Excluding Fuel Ethanol), 4 Week Avg",Thousand Barrels per Day,4,20180323,3
PET.W_EPPO6_IM0_R40-Z00_MBBLD.4,"Rocky Mountain (PADD 4) Imports of Other Oils (Excluding Fuel Ethanol), 4 Week Avg",Thousand Barrels per Day,4,20180316,3
PET.W_EPPO6_IM0_R40-Z00_MBBLD.4,"Rocky Mountain (PADD 4) Imports of Other Oils (Excluding Fuel Ethanol), 4 Week Avg",Thousand Barrels per Day,4,20180309,4
PET.W_EPPO6_IM0_R40-Z00_MBBLD.4,"Rocky Mountain (PADD 4) Imports of Other Oils (Excluding Fuel Ethanol), 4 Week Avg",Thousand Barrels per Day,4,20180302,5
PET.W_EPPO6_IM0_R40-Z00_MBBLD.4,"Rocky Mountain (PADD 4) Imports of Other Oils (Excluding Fuel Ethanol), 4 Week Avg",Thousand Barrels per Day,4,20180223,5
PET.W_EPPO6_IM0_R40-Z00_MBBLD.4,"Rocky Mountain (PADD 4) Imports of Other Oils (Excluding Fuel Ethanol), 4 Week Avg",Thousand Barrels per Day,4,20180216,5
PET.W_EPPO6_IM0_R40-Z00_MBBLD.4,"Rocky Mountain (PADD 4) Imports of Other Oils (Excluding Fuel Ethanol), 4 Week Avg",Thousand Barrels per Day,4,20180209,4
PET.W_EPPO6_IM0_R40-Z00_MBBLD.4,"Rocky Mountain (PADD 4) Imports of Other Oils (Excluding Fuel Ethanol), 4 Week Avg",Thousand Barrels per Day,4,20180202,4
PET.W_EPPO6_IM0_R40-Z00_MBBLD.4,"Rocky Mountain (PADD 4) Imports of Other Oils (Excluding Fuel Ethanol), 4 Week Avg",Thousand Barrels per Day,4,20180126,3
PET.W_EPPO6_IM0_R40-Z00_MBBLD.4,"Rocky Mountain (PADD 4) Imports of Other Oils (Excluding Fuel Ethanol), 4 Week Avg",Thousand Barrels per Day,4,20180119,3
PET.W_EPPO6_IM0_R40-Z00_MBBLD.4,"Rocky Mountain (PADD 4) Imports of Other Oils (Excluding Fuel Ethanol), 4 Week Avg",Thousand Barrels per Day,4,20180112,3
PET.W_EPPO6_IM0_R40-Z00_MBBLD.4,"Rocky Mountain (PADD 4) Imports of Other Oils (Excluding Fuel Ethanol), 4 Week Avg",Thousand Barrels per Day,4,20180105,3
PET.W_EPPO6_IM0_R40-Z00_MBBLD.4,"Rocky Mountain (PADD 4) Imports of Other Oils (Excluding Fuel Ethanol), 4 Week Avg",Thousand Barrels per Day,4,20171229,3
PET.W_EPPO6_IM0_R40-Z00_MBBLD.4,"Rocky Mountain (PADD 4) Imports of Other Oils (Excluding Fuel Ethanol), 4 Week Avg",Thousand Barrels per Day,4,20171222,3
PET.W_EPPO6_IM0_R40-Z00_MBBLD.4,"Rocky Mountain (PADD 4) Imports of Other Oils (Excluding Fuel Ethanol), 4 Week Avg",Thousand Barrels per Day,4,20171215,3
PET.W_EPPO6_IM0_R40-Z00_MBBLD.4,"Rocky Mountain (PADD 4) Imports of Other Oils (Excluding Fuel Ethanol), 4 Week Avg",Thousand Barrels per Day,4,20171208,2
PET.W_EPPO6_IM0_R40-Z00_MBBLD.4,"Rocky Mountain (PADD 4) Imports of Other Oils (Excluding Fuel Ethanol), 4 Week Avg",Thousand Barrels per Day,4,20171201,2
PET.W_EPPO6_IM0_R40-Z00_MBBLD.4,"Rocky Mountain (PADD 4) Imports of Other Oils (Excluding Fuel Ethanol), 4 Week Avg",Thousand Barrels per Day,4,20171124,2
PET.W_EPPO6_IM0_R40-Z00_MBBLD.4,"Rocky Mountain (PADD 4) Imports of Other Oils (Excluding Fuel Ethanol), 4 Week Avg",Thousand Barrels per Day,4,20171117,2
PET.W_EPPO6_IM0_R40-Z00_MBBLD.4,"Rocky Mountain (PADD 4) Imports of Other Oils (Excluding Fuel Ethanol), 4 Week Avg",Thousand Barrels per Day,4,20171110,1
PET.W_EPPO6_IM0_R40-Z00_MBBLD.4,"Rocky Mountain (PADD 4) Imports of Other Oils (Excluding Fuel Ethanol), 4 Week Avg",Thousand Barrels per Day,4,20171103,2
PET.W_EPPO6_IM0_R40-Z00_MBBLD.4,"Rocky Mountain (PADD 4) Imports of Other Oils (Excluding Fuel Ethanol), 4 Week Avg",Thousand Barrels per Day,4,20171027,1
PET.W_EPPO6_IM0_R40-Z00_MBBLD.4,"Rocky Mountain (PADD 4) Imports of Other Oils (Excluding Fuel Ethanol), 4 Week Avg",Thousand Barrels per Day,4,20171020,2
PET.W_EPPO6_IM0_R40-Z00_MBBLD.4,"Rocky Mountain (PADD 4) Imports of Other Oils (Excluding Fuel Ethanol), 4 Week Avg",Thousand Barrels per Day,4,20171013,1
PET.W_EPPO6_IM0_R40-Z00_MBBLD.4,"Rocky Mountain (PADD 4) Imports of Other Oils (Excluding Fuel Ethanol), 4 Week Avg",Thousand Barrels per Day,4,20171006,1
PET.W_EPPO6_IM0_R40-Z00_MBBLD.4,"Rocky Mountain (PADD 4) Imports of Other Oils (Excluding Fuel Ethanol), 4 Week Avg",Thousand Barrels per Day,4,20170929,1
PET.W_EPPO6_IM0_R40-Z00_MBBLD.4,"Rocky Mountain (PADD 4) Imports of Other Oils (Excluding Fuel Ethanol), 4 Week Avg",Thousand Barrels per Day,4,20170922,1
PET.W_EPPO6_IM0_R40-Z00_MBBLD.4,"Rocky Mountain (PADD 4) Imports of Other Oils (Excluding Fuel Ethanol), 4 Week Avg",Thousand Barrels per Day,4,20170915,1
PET.W_EPPO6_IM0_R40-Z00_MBBLD.4,"Rocky Mountain (PADD 4) Imports of Other Oils (Excluding Fuel Ethanol), 4 Week Avg",Thousand Barrels per Day,4,20170908,1
PET.W_EPPO6_IM0_R40-Z00_MBBLD.4,"Rocky Mountain (PADD 4) Imports of Other Oils (Excluding Fuel Ethanol), 4 Week Avg",Thousand Barrels per Day,4,20170901,1
PET.W_EPPO6_IM0_R40-Z00_MBBLD.4,"Rocky Mountain (PADD 4) Imports of Other Oils (Excluding Fuel Ethanol), 4 Week Avg",Thousand Barrels per Day,4,20170825,1
PET.W_EPPO6_IM0_R40-Z00_MBBLD.4,"Rocky Mountain (PADD 4) Imports of Other Oils (Excluding Fuel Ethanol), 4 Week Avg",Thousand Barrels per Day,4,20170818,2
PET.W_EPPO6_IM0_R40-Z00_MBBLD.4,"Rocky Mountain (PADD 4) Imports of Other Oils (Excluding Fuel Ethanol), 4 Week Avg",Thousand Barrels per Day,4,20170811,2
PET.W_EPPO6_IM0_R40-Z00_MBBLD.4,"Rocky Mountain (PADD 4) Imports of Other Oils (Excluding Fuel Ethanol), 4 Week Avg",Thousand Barrels per Day,4,20170804,3
PET.W_EPPO6_IM0_R40-Z00_MBBLD.4,"Rocky Mountain (PADD 4) Imports of Other Oils (Excluding Fuel Ethanol), 4 Week Avg",Thousand Barrels per Day,4,20170728,3
PET.W_EPPO6_IM0_R40-Z00_MBBLD.4,"Rocky Mountain (PADD 4) Imports of Other Oils (Excluding Fuel Ethanol), 4 Week Avg",Thousand Barrels per Day,4,20170721,3
PET.W_EPPO6_IM0_R40-Z00_MBBLD.4,"Rocky Mountain (PADD 4) Imports of Other Oils (Excluding Fuel Ethanol), 4 Week Avg",Thousand Barrels per Day,4,20170714,3
PET.W_EPPO6_IM0_R40-Z00_MBBLD.4,"Rocky Mountain (PADD 4) Imports of Other Oils (Excluding Fuel Ethanol), 4 Week Avg",Thousand Barrels per Day,4,20170707,4
PET.W_EPPO6_IM0_R40-Z00_MBBLD.4,"Rocky Mountain (PADD 4) Imports of Other Oils (Excluding Fuel Ethanol), 4 Week Avg",Thousand Barrels per Day,4,20170630,3
PET.W_EPPO6_IM0_R40-Z00_MBBLD.4,"Rocky Mountain (PADD 4) Imports of Other Oils (Excluding Fuel Ethanol), 4 Week Avg",Thousand Barrels per Day,4,20170623,4
PET.W_EPPO6_IM0_R40-Z00_MBBLD.4,"Rocky Mountain (PADD 4) Imports of Other Oils (Excluding Fuel Ethanol), 4 Week Avg",Thousand Barrels per Day,4,20170616,3
PET.W_EPPO6_IM0_R40-Z00_MBBLD.4,"Rocky Mountain (PADD 4) Imports of Other Oils (Excluding Fuel Ethanol), 4 Week Avg",Thousand Barrels per Day,4,20170609,3
PET.W_EPPO6_IM0_R40-Z00_MBBLD.4,"Rocky Mountain (PADD 4) Imports of Other Oils (Excluding Fuel Ethanol), 4 Week Avg",Thousand Barrels per Day,4,20170602,3
PET.W_EPPO6_IM0_R40-Z00_MBBLD.4,"Rocky Mountain (PADD 4) Imports of Other Oils (Excluding Fuel Ethanol), 4 Week Avg",Thousand Barrels per Day,4,20170526,3
PET.W_EPPO6_IM0_R40-Z00_MBBLD.4,"Rocky Mountain (PADD 4) Imports of Other Oils (Excluding Fuel Ethanol), 4 Week Avg",Thousand Barrels per Day,4,20170519,3
PET.W_EPPO6_IM0_R40-Z00_MBBLD.4,"Rocky Mountain (PADD 4) Imports of Other Oils (Excluding Fuel Ethanol), 4 Week Avg",Thousand Barrels per Day,4,20170512,3
PET.W_EPPO6_IM0_R40-Z00_MBBLD.4,"Rocky Mountain (PADD 4) Imports of Other Oils (Excluding Fuel Ethanol), 4 Week Avg",Thousand Barrels per Day,4,20170505,3
PET.W_EPPO6_IM0_R40-Z00_MBBLD.4,"Rocky Mountain (PADD 4) Imports of Other Oils (Excluding Fuel Ethanol), 4 Week Avg",Thousand Barrels per Day,4,20170428,3
PET.W_EPPO6_IM0_R40-Z00_MBBLD.4,"Rocky Mountain (PADD 4) Imports of Other Oils (Excluding Fuel Ethanol), 4 Week Avg",Thousand Barrels per Day,4,20170421,4
PET.W_EPPO6_IM0_R40-Z00_MBBLD.4,"Rocky Mountain (PADD 4) Imports of Other Oils (Excluding Fuel Ethanol), 4 Week Avg",Thousand Barrels per Day,4,20170414,4
PET.W_EPPO6_IM0_R40-Z00_MBBLD.4,"Rocky Mountain (PADD 4) Imports of Other Oils (Excluding Fuel Ethanol), 4 Week Avg",Thousand Barrels per Day,4,20170407,5
PET.W_EPPO6_IM0_R40-Z00_MBBLD.4,"Rocky Mountain (PADD 4) Imports of Other Oils (Excluding Fuel Ethanol), 4 Week Avg",Thousand Barrels per Day,4,20170331,6
PET.W_EPPO6_IM0_R40-Z00_MBBLD.4,"Rocky Mountain (PADD 4) Imports of Other Oils (Excluding Fuel Ethanol), 4 Week Avg",Thousand Barrels per Day,4,20170324,6
PET.W_EPPO6_IM0_R40-Z00_MBBLD.4,"Rocky Mountain (PADD 4) Imports of Other Oils (Excluding Fuel Ethanol), 4 Week Avg",Thousand Barrels per Day,4,20170317,6
PET.W_EPPO6_IM0_R40-Z00_MBBLD.4,"Rocky Mountain (PADD 4) Imports of Other Oils (Excluding Fuel Ethanol), 4 Week Avg",Thousand Barrels per Day,4,20170310,5
PET.W_EPPO6_IM0_R40-Z00_MBBLD.4,"Rocky Mountain (PADD 4) Imports of Other Oils (Excluding Fuel Ethanol), 4 Week Avg",Thousand Barrels per Day,4,20170303,4
PET.W_EPPO6_IM0_R40-Z00_MBBLD.4,"Rocky Mountain (PADD 4) Imports of Other Oils (Excluding Fuel Ethanol), 4 Week Avg",Thousand Barrels per Day,4,20170224,4
PET.W_EPPO6_IM0_R40-Z00_MBBLD.4,"Rocky Mountain (PADD 4) Imports of Other Oils (Excluding Fuel Ethanol), 4 Week Avg",Thousand Barrels per Day,4,20170217,2
PET.W_EPPO6_IM0_R40-Z00_MBBLD.4,"Rocky Mountain (PADD 4) Imports of Other Oils (Excluding Fuel Ethanol), 4 Week Avg",Thousand Barrels per Day,4,20170210,2
PET.W_EPPO6_IM0_R40-Z00_MBBLD.4,"Rocky Mountain (PADD 4) Imports of Other Oils (Excluding Fuel Ethanol), 4 Week Avg",Thousand Barrels per Day,4,20170203,2
PET.W_EPPO6_IM0_R40-Z00_MBBLD.4,"Rocky Mountain (PADD 4) Imports of Other Oils (Excluding Fuel Ethanol), 4 Week Avg",Thousand Barrels per Day,4,20170127,2
PET.W_EPPO6_IM0_R40-Z00_MBBLD.4,"Rocky Mountain (PADD 4) Imports of Other Oils (Excluding Fuel Ethanol), 4 Week Avg",Thousand Barrels per Day,4,20170120,3
PET.W_EPPO6_IM0_R40-Z00_MBBLD.4,"Rocky Mountain (PADD 4) Imports of Other Oils (Excluding Fuel Ethanol), 4 Week Avg",Thousand Barrels per Day,4,20170113,3
PET.W_EPPO6_IM0_R40-Z00_MBBLD.4,"Rocky Mountain (PADD 4) Imports of Other Oils (Excluding Fuel Ethanol), 4 Week Avg",Thousand Barrels per Day,4,20170106,3
PET.W_EPPO6_IM0_R40-Z00_MBBLD.4,"Rocky Mountain (PADD 4) Imports of Other Oils (Excluding Fuel Ethanol), 4 Week Avg",Thousand Barrels per Day,4,20161230,2
PET.W_EPPO6_IM0_R40-Z00_MBBLD.4,"Rocky Mountain (PADD 4) Imports of Other Oils (Excluding Fuel Ethanol), 4 Week Avg",Thousand Barrels per Day,4,20161223,2
PET.W_EPPO6_IM0_R40-Z00_MBBLD.4,"Rocky Mountain (PADD 4) Imports of Other Oils (Excluding Fuel Ethanol), 4 Week Avg",Thousand Barrels per Day,4,20161216,1
PET.W_EPPO6_IM0_R40-Z00_MBBLD.4,"Rocky Mountain (PADD 4) Imports of Other Oils (Excluding Fuel Ethanol), 4 Week Avg",Thousand Barrels per Day,4,20161209,1
PET.W_EPPO6_IM0_R40-Z00_MBBLD.4,"Rocky Mountain (PADD 4) Imports of Other Oils (Excluding Fuel Ethanol), 4 Week Avg",Thousand Barrels per Day,4,20161202,1
PET.W_EPPO6_IM0_R40-Z00_MBBLD.4,"Rocky Mountain (PADD 4) Imports of Other Oils (Excluding Fuel Ethanol), 4 Week Avg",Thousand Barrels per Day,4,20161125,2
PET.W_EPPO6_IM0_R40-Z00_MBBLD.4,"Rocky Mountain (PADD 4) Imports of Other Oils (Excluding Fuel Ethanol), 4 Week Avg",Thousand Barrels per Day,4,20161118,2
PET.W_EPPO6_IM0_R40-Z00_MBBLD.4,"Rocky Mountain (PADD 4) Imports of Other Oils (Excluding Fuel Ethanol), 4 Week Avg",Thousand Barrels per Day,4,20161111,3
PET.W_EPPO6_IM0_R40-Z00_MBBLD.4,"Rocky Mountain (PADD 4) Imports of Other Oils (Excluding Fuel Ethanol), 4 Week Avg",Thousand Barrels per Day,4,20161104,9
PET.W_EPPO6_IM0_R40-Z00_MBBLD.4,"Rocky Mountain (PADD 4) Imports of Other Oils (Excluding Fuel Ethanol), 4 Week Avg",Thousand Barrels per Day,4,20161028,23
PET.W_EPPO6_IM0_R40-Z00_MBBLD.4,"Rocky Mountain (PADD 4) Imports of Other Oils (Excluding Fuel Ethanol), 4 Week Avg",Thousand Barrels per Day,4,20161021,37
PET.W_EPPO6_IM0_R40-Z00_MBBLD.4,"Rocky Mountain (PADD 4) Imports of Other Oils (Excluding Fuel Ethanol), 4 Week Avg",Thousand Barrels per Day,4,20161014,50
PET.W_EPPO6_IM0_R40-Z00_MBBLD.4,"Rocky Mountain (PADD 4) Imports of Other Oils (Excluding Fuel Ethanol), 4 Week Avg",Thousand Barrels per Day,4,20161007,57
PET.W_EPPO6_IM0_R40-Z00_MBBLD.4,"Rocky Mountain (PADD 4) Imports of Other Oils (Excluding Fuel Ethanol), 4 Week Avg",Thousand Barrels per Day,4,20160930,57
PET.W_EPPO6_IM0_R40-Z00_MBBLD.4,"Rocky Mountain (PADD 4) Imports of Other Oils (Excluding Fuel Ethanol), 4 Week Avg",Thousand Barrels per Day,4,20160923,56
PET.W_EPPO6_IM0_R40-Z00_MBBLD.4,"Rocky Mountain (PADD 4) Imports of Other Oils (Excluding Fuel Ethanol), 4 Week Avg",Thousand Barrels per Day,4,20160916,57
PET.W_EPPO6_IM0_R40-Z00_MBBLD.4,"Rocky Mountain (PADD 4) Imports of Other Oils (Excluding Fuel Ethanol), 4 Week Avg",Thousand Barrels per Day,4,20160909,44
PET.W_EPPO6_IM0_R40-Z00_MBBLD.4,"Rocky Mountain (PADD 4) Imports of Other Oils (Excluding Fuel Ethanol), 4 Week Avg",Thousand Barrels per Day,4,20160902,31
PET.W_EPPO6_IM0_R40-Z00_MBBLD.4,"Rocky Mountain (PADD 4) Imports of Other Oils (Excluding Fuel Ethanol), 4 Week Avg",Thousand Barrels per Day,4,20160826,19
PET.W_EPPO6_IM0_R40-Z00_MBBLD.4,"Rocky Mountain (PADD 4) Imports of Other Oils (Excluding Fuel Ethanol), 4 Week Avg",Thousand Barrels per Day,4,20160819,6
PET.W_EPPO6_IM0_R40-Z00_MBBLD.4,"Rocky Mountain (PADD 4) Imports of Other Oils (Excluding Fuel Ethanol), 4 Week Avg",Thousand Barrels per Day,4,20160812,7
PET.W_EPPO6_IM0_R40-Z00_MBBLD.4,"Rocky Mountain (PADD 4) Imports of Other Oils (Excluding Fuel Ethanol), 4 Week Avg",Thousand Barrels per Day,4,20160805,7
PET.W_EPPO6_IM0_R40-Z00_MBBLD.4,"Rocky Mountain (PADD 4) Imports of Other Oils (Excluding Fuel Ethanol), 4 Week Avg",Thousand Barrels per Day,4,20160729,7
PET.W_EPPO6_IM0_R40-Z00_MBBLD.4,"Rocky Mountain (PADD 4) Imports of Other Oils (Excluding Fuel Ethanol), 4 Week Avg",Thousand Barrels per Day,4,20160722,7
PET.W_EPPO6_IM0_R40-Z00_MBBLD.4,"Rocky Mountain (PADD 4) Imports of Other Oils (Excluding Fuel Ethanol), 4 Week Avg",Thousand Barrels per Day,4,20160715,6
PET.W_EPPO6_IM0_R40-Z00_MBBLD.4,"Rocky Mountain (PADD 4) Imports of Other Oils (Excluding Fuel Ethanol), 4 Week Avg",Thousand Barrels per Day,4,20160708,5
PET.W_EPPO6_IM0_R40-Z00_MBBLD.4,"Rocky Mountain (PADD 4) Imports of Other Oils (Excluding Fuel Ethanol), 4 Week Avg",Thousand Barrels per Day,4,20160701,4
PET.W_EPPO6_IM0_R40-Z00_MBBLD.4,"Rocky Mountain (PADD 4) Imports of Other Oils (Excluding Fuel Ethanol), 4 Week Avg",Thousand Barrels per Day,4,20160624,4
PET.W_EPPO6_IM0_R40-Z00_MBBLD.4,"Rocky Mountain (PADD 4) Imports of Other Oils (Excluding Fuel Ethanol), 4 Week Avg",Thousand Barrels per Day,4,20160617,4
PET.W_EPPO6_IM0_R40-Z00_MBBLD.4,"Rocky Mountain (PADD 4) Imports of Other Oils (Excluding Fuel Ethanol), 4 Week Avg",Thousand Barrels per Day,4,20160610,5
PET.W_EPPO6_IM0_R40-Z00_MBBLD.4,"Rocky Mountain (PADD 4) Imports of Other Oils (Excluding Fuel Ethanol), 4 Week Avg",Thousand Barrels per Day,4,20160603,4
PET.W_EPPO6_IM0_R40-Z00_MBBLD.4,"Rocky Mountain (PADD 4) Imports of Other Oils (Excluding Fuel Ethanol), 4 Week Avg",Thousand Barrels per Day,4,20160527,3
PET.W_EPPO6_IM0_R40-Z00_MBBLD.4,"Rocky Mountain (PADD 4) Imports of Other Oils (Excluding Fuel Ethanol), 4 Week Avg",Thousand Barrels per Day,4,20160520,3
PET.W_EPPO6_IM0_R40-Z00_MBBLD.4,"Rocky Mountain (PADD 4) Imports of Other Oils (Excluding Fuel Ethanol), 4 Week Avg",Thousand Barrels per Day,4,20160513,2
PET.W_EPPO6_IM0_R40-Z00_MBBLD.4,"Rocky Mountain (PADD 4) Imports of Other Oils (Excluding Fuel Ethanol), 4 Week Avg",Thousand Barrels per Day,4,20160506,2
PET.W_EPPO6_IM0_R40-Z00_MBBLD.4,"Rocky Mountain (PADD 4) Imports of Other Oils (Excluding Fuel Ethanol), 4 Week Avg",Thousand Barrels per Day,4,20160429,2
PET.W_EPPO6_IM0_R40-Z00_MBBLD.4,"Rocky Mountain (PADD 4) Imports of Other Oils (Excluding Fuel Ethanol), 4 Week Avg",Thousand Barrels per Day,4,20160422,2
PET.W_EPPO6_IM0_R40-Z00_MBBLD.4,"Rocky Mountain (PADD 4) Imports of Other Oils (Excluding Fuel Ethanol), 4 Week Avg",Thousand Barrels per Day,4,20160415,2
PET.W_EPPO6_IM0_R40-Z00_MBBLD.4,"Rocky Mountain (PADD 4) Imports of Other Oils (Excluding Fuel Ethanol), 4 Week Avg",Thousand Barrels per Day,4,20160408,2
PET.W_EPPO6_IM0_R40-Z00_MBBLD.4,"Rocky Mountain (PADD 4) Imports of Other Oils (Excluding Fuel Ethanol), 4 Week Avg",Thousand Barrels per Day,4,20160401,1
PET.W_EPPO6_IM0_R40-Z00_MBBLD.4,"Rocky Mountain (PADD 4) Imports of Other Oils (Excluding Fuel Ethanol), 4 Week Avg",Thousand Barrels per Day,4,20160325,2
PET.W_EPPO6_IM0_R40-Z00_MBBLD.4,"Rocky Mountain (PADD 4) Imports of Other Oils (Excluding Fuel Ethanol), 4 Week Avg",Thousand Barrels per Day,4,20160318,3
PET.W_EPPO6_IM0_R40-Z00_MBBLD.4,"Rocky Mountain (PADD 4) Imports of Other Oils (Excluding Fuel Ethanol), 4 Week Avg",Thousand Barrels per Day,4,20160311,4
PET.W_EPPO6_IM0_R40-Z00_MBBLD.4,"Rocky Mountain (PADD 4) Imports of Other Oils (Excluding Fuel Ethanol), 4 Week Avg",Thousand Barrels per Day,4,20160304,4
PET.W_EPPO6_IM0_R40-Z00_MBBLD.4,"Rocky Mountain (PADD 4) Imports of Other Oils (Excluding Fuel Ethanol), 4 Week Avg",Thousand Barrels per Day,4,20160226,4
PET.W_EPPO6_IM0_R40-Z00_MBBLD.4,"Rocky Mountain (PADD 4) Imports of Other Oils (Excluding Fuel Ethanol), 4 Week Avg",Thousand Barrels per Day,4,20160219,5
PET.W_EPPO6_IM0_R40-Z00_MBBLD.4,"Rocky Mountain (PADD 4) Imports of Other Oils (Excluding Fuel Ethanol), 4 Week Avg",Thousand Barrels per Day,4,20160212,6
PET.W_EPPO6_IM0_R40-Z00_MBBLD.4,"Rocky Mountain (PADD 4) Imports of Other Oils (Excluding Fuel Ethanol), 4 Week Avg",Thousand Barrels per Day,4,20160205,7
PET.W_EPPO6_IM0_R40-Z00_MBBLD.4,"Rocky Mountain (PADD 4) Imports of Other Oils (Excluding Fuel Ethanol), 4 Week Avg",Thousand Barrels per Day,4,20160129,9
PET.W_EPPO6_IM0_R40-Z00_MBBLD.4,"Rocky Mountain (PADD 4) Imports of Other Oils (Excluding Fuel Ethanol), 4 Week Avg",Thousand Barrels per Day,4,20160122,9
PET.W_EPPO6_IM0_R40-Z00_MBBLD.4,"Rocky Mountain (PADD 4) Imports of Other Oils (Excluding Fuel Ethanol), 4 Week Avg",Thousand Barrels per Day,4,20160115,8
PET.W_EPPO6_IM0_R40-Z00_MBBLD.4,"Rocky Mountain (PADD 4) Imports of Other Oils (Excluding Fuel Ethanol), 4 Week Avg",Thousand Barrels per Day,4,20160108,9
PET.W_EPPO6_IM0_R40-Z00_MBBLD.4,"Rocky Mountain (PADD 4) Imports of Other Oils (Excluding Fuel Ethanol), 4 Week Avg",Thousand Barrels per Day,4,20160101,12
PET.W_EPPO6_IM0_R40-Z00_MBBLD.4,"Rocky Mountain (PADD 4) Imports of Other Oils (Excluding Fuel Ethanol), 4 Week Avg",Thousand Barrels per Day,4,20151225,14
PET.W_EPPO6_IM0_R40-Z00_MBBLD.4,"Rocky Mountain (PADD 4) Imports of Other Oils (Excluding Fuel Ethanol), 4 Week Avg",Thousand Barrels per Day,4,20151218,13
PET.W_EPPO6_IM0_R40-Z00_MBBLD.4,"Rocky Mountain (PADD 4) Imports of Other Oils (Excluding Fuel Ethanol), 4 Week Avg",Thousand Barrels per Day,4,20151211,11
PET.W_EPPO6_IM0_R40-Z00_MBBLD.4,"Rocky Mountain (PADD 4) Imports of Other Oils (Excluding Fuel Ethanol), 4 Week Avg",Thousand Barrels per Day,4,20151204,9
PET.W_EPPO6_IM0_R40-Z00_MBBLD.4,"Rocky Mountain (PADD 4) Imports of Other Oils (Excluding Fuel Ethanol), 4 Week Avg",Thousand Barrels per Day,4,20151127,10
PET.W_EPPO6_IM0_R40-Z00_MBBLD.4,"Rocky Mountain (PADD 4) Imports of Other Oils (Excluding Fuel Ethanol), 4 Week Avg",Thousand Barrels per Day,4,20151120,14
PET.W_EPPO6_IM0_R40-Z00_MBBLD.4,"Rocky Mountain (PADD 4) Imports of Other Oils (Excluding Fuel Ethanol), 4 Week Avg",Thousand Barrels per Day,4,20151113,13
PET.W_EPPO6_IM0_R40-Z00_MBBLD.4,"Rocky Mountain (PADD 4) Imports of Other Oils (Excluding Fuel Ethanol), 4 Week Avg",Thousand Barrels per Day,4,20151106,11
PET.W_EPPO6_IM0_R40-Z00_MBBLD.4,"Rocky Mountain (PADD 4) Imports of Other Oils (Excluding Fuel Ethanol), 4 Week Avg",Thousand Barrels per Day,4,20151030,7
PET.W_EPPO6_IM0_R40-Z00_MBBLD.4,"Rocky Mountain (PADD 4) Imports of Other Oils (Excluding Fuel Ethanol), 4 Week Avg",Thousand Barrels per Day,4,20151023,3
PET.W_EPPO6_IM0_R40-Z00_MBBLD.4,"Rocky Mountain (PADD 4) Imports of Other Oils (Excluding Fuel Ethanol), 4 Week Avg",Thousand Barrels per Day,4,20151016,2
PET.W_EPPO6_IM0_R40-Z00_MBBLD.4,"Rocky Mountain (PADD 4) Imports of Other Oils (Excluding Fuel Ethanol), 4 Week Avg",Thousand Barrels per Day,4,20151009,1
PET.W_EPPO6_IM0_R40-Z00_MBBLD.4,"Rocky Mountain (PADD 4) Imports of Other Oils (Excluding Fuel Ethanol), 4 Week Avg",Thousand Barrels per Day,4,20151002,1
PET.W_EPPO6_IM0_R40-Z00_MBBLD.4,"Rocky Mountain (PADD 4) Imports of Other Oils (Excluding Fuel Ethanol), 4 Week Avg",Thousand Barrels per Day,4,20150925,1
PET.W_EPPO6_IM0_R40-Z00_MBBLD.4,"Rocky Mountain (PADD 4) Imports of Other Oils (Excluding Fuel Ethanol), 4 Week Avg",Thousand Barrels per Day,4,20150918,1
PET.W_EPPO6_IM0_R40-Z00_MBBLD.4,"Rocky Mountain (PADD 4) Imports of Other Oils (Excluding Fuel Ethanol), 4 Week Avg",Thousand Barrels per Day,4,20150911,2
PET.W_EPPO6_IM0_R40-Z00_MBBLD.4,"Rocky Mountain (PADD 4) Imports of Other Oils (Excluding Fuel Ethanol), 4 Week Avg",Thousand Barrels per Day,4,20150904,2
PET.W_EPPO6_IM0_R40-Z00_MBBLD.4,"Rocky Mountain (PADD 4) Imports of Other Oils (Excluding Fuel Ethanol), 4 Week Avg",Thousand Barrels per Day,4,20150828,2
PET.W_EPPO6_IM0_R40-Z00_MBBLD.4,"Rocky Mountain (PADD 4) Imports of Other Oils (Excluding Fuel Ethanol), 4 Week Avg",Thousand Barrels per Day,4,20150821,1
PET.W_EPPO6_IM0_R40-Z00_MBBLD.4,"Rocky Mountain (PADD 4) Imports of Other Oils (Excluding Fuel Ethanol), 4 Week Avg",Thousand Barrels per Day,4,20150814,2
PET.W_EPPO6_IM0_R40-Z00_MBBLD.4,"Rocky Mountain (PADD 4) Imports of Other Oils (Excluding Fuel Ethanol), 4 Week Avg",Thousand Barrels per Day,4,20150807,2
PET.W_EPPO6_IM0_R40-Z00_MBBLD.4,"Rocky Mountain (PADD 4) Imports of Other Oils (Excluding Fuel Ethanol), 4 Week Avg",Thousand Barrels per Day,4,20150731,2
PET.W_EPPO6_IM0_R40-Z00_MBBLD.4,"Rocky Mountain (PADD 4) Imports of Other Oils (Excluding Fuel Ethanol), 4 Week Avg",Thousand Barrels per Day,4,20150724,3
PET.W_EPPO6_IM0_R40-Z00_MBBLD.4,"Rocky Mountain (PADD 4) Imports of Other Oils (Excluding Fuel Ethanol), 4 Week Avg",Thousand Barrels per Day,4,20150717,2
PET.W_EPPO6_IM0_R40-Z00_MBBLD.4,"Rocky Mountain (PADD 4) Imports of Other Oils (Excluding Fuel Ethanol), 4 Week Avg",Thousand Barrels per Day,4,20150710,2
PET.W_EPPO6_IM0_R40-Z00_MBBLD.4,"Rocky Mountain (PADD 4) Imports of Other Oils (Excluding Fuel Ethanol), 4 Week Avg",Thousand Barrels per Day,4,20150703,2
PET.W_EPPO6_IM0_R40-Z00_MBBLD.4,"Rocky Mountain (PADD 4) Imports of Other Oils (Excluding Fuel Ethanol), 4 Week Avg",Thousand Barrels per Day,4,20150626,2
PET.W_EPPO6_IM0_R40-Z00_MBBLD.4,"Rocky Mountain (PADD 4) Imports of Other Oils (Excluding Fuel Ethanol), 4 Week Avg",Thousand Barrels per Day,4,20150619,2
PET.W_EPPO6_IM0_R40-Z00_MBBLD.4,"Rocky Mountain (PADD 4) Imports of Other Oils (Excluding Fuel Ethanol), 4 Week Avg",Thousand Barrels per Day,4,20150612,2
PET.W_EPPO6_IM0_R40-Z00_MBBLD.4,"Rocky Mountain (PADD 4) Imports of Other Oils (Excluding Fuel Ethanol), 4 Week Avg",Thousand Barrels per Day,4,20150605,2
PET.W_EPPO6_IM0_R40-Z00_MBBLD.4,"Rocky Mountain (PADD 4) Imports of Other Oils (Excluding Fuel Ethanol), 4 Week Avg",Thousand Barrels per Day,4,20150529,1
PET.W_EPPO6_IM0_R40-Z00_MBBLD.4,"Rocky Mountain (PADD 4) Imports of Other Oils (Excluding Fuel Ethanol), 4 Week Avg",Thousand Barrels per Day,4,20150522,1
PET.W_EPPO6_IM0_R40-Z00_MBBLD.4,"Rocky Mountain (PADD 4) Imports of Other Oils (Excluding Fuel Ethanol), 4 Week Avg",Thousand Barrels per Day,4,20150515,2
PET.W_EPPO6_IM0_R40-Z00_MBBLD.4,"Rocky Mountain (PADD 4) Imports of Other Oils (Excluding Fuel Ethanol), 4 Week Avg",Thousand Barrels per Day,4,20150508,2
PET.W_EPPO6_IM0_R40-Z00_MBBLD.4,"Rocky Mountain (PADD 4) Imports of Other Oils (Excluding Fuel Ethanol), 4 Week Avg",Thousand Barrels per Day,4,20150501,1
PET.W_EPPO6_IM0_R40-Z00_MBBLD.4,"Rocky Mountain (PADD 4) Imports of Other Oils (Excluding Fuel Ethanol), 4 Week Avg",Thousand Barrels per Day,4,20150424,1
PET.W_EPPO6_IM0_R40-Z00_MBBLD.4,"Rocky Mountain (PADD 4) Imports of Other Oils (Excluding Fuel Ethanol), 4 Week Avg",Thousand Barrels per Day,4,20150417,1
PET.W_EPPO6_IM0_R40-Z00_MBBLD.4,"Rocky Mountain (PADD 4) Imports of Other Oils (Excluding Fuel Ethanol), 4 Week Avg",Thousand Barrels per Day,4,20150410,1
PET.W_EPPO6_IM0_R40-Z00_MBBLD.4,"Rocky Mountain (PADD 4) Imports of Other Oils (Excluding Fuel Ethanol), 4 Week Avg",Thousand Barrels per Day,4,20150403,1
PET.W_EPPO6_IM0_R40-Z00_MBBLD.4,"Rocky Mountain (PADD 4) Imports of Other Oils (Excluding Fuel Ethanol), 4 Week Avg",Thousand Barrels per Day,4,20150327,2
PET.W_EPPO6_IM0_R40-Z00_MBBLD.4,"Rocky Mountain (PADD 4) Imports of Other Oils (Excluding Fuel Ethanol), 4 Week Avg",Thousand Barrels per Day,4,20150320,2
PET.W_EPPO6_IM0_R40-Z00_MBBLD.4,"Rocky Mountain (PADD 4) Imports of Other Oils (Excluding Fuel Ethanol), 4 Week Avg",Thousand Barrels per Day,4,20150313,3
PET.W_EPPO6_IM0_R40-Z00_MBBLD.4,"Rocky Mountain (PADD 4) Imports of Other Oils (Excluding Fuel Ethanol), 4 Week Avg",Thousand Barrels per Day,4,20150306,4
PET.W_EPPO6_IM0_R40-Z00_MBBLD.4,"Rocky Mountain (PADD 4) Imports of Other Oils (Excluding Fuel Ethanol), 4 Week Avg",Thousand Barrels per Day,4,20150227,4
PET.W_EPPO6_IM0_R40-Z00_MBBLD.4,"Rocky Mountain (PADD 4) Imports of Other Oils (Excluding Fuel Ethanol), 4 Week Avg",Thousand Barrels per Day,4,20150220,4
PET.W_EPPO6_IM0_R40-Z00_MBBLD.4,"Rocky Mountain (PADD 4) Imports of Other Oils (Excluding Fuel Ethanol), 4 Week Avg",Thousand Barrels per Day,4,20150213,5
PET.W_EPPO6_IM0_R40-Z00_MBBLD.4,"Rocky Mountain (PADD 4) Imports of Other Oils (Excluding Fuel Ethanol), 4 Week Avg",Thousand Barrels per Day,4,20150206,4
PET.W_EPPO6_IM0_R40-Z00_MBBLD.4,"Rocky Mountain (PADD 4) Imports of Other Oils (Excluding Fuel Ethanol), 4 Week Avg",Thousand Barrels per Day,4,20150130,4
PET.W_EPPO6_IM0_R40-Z00_MBBLD.4,"Rocky Mountain (PADD 4) Imports of Other Oils (Excluding Fuel Ethanol), 4 Week Avg",Thousand Barrels per Day,4,20150123,3
PET.W_EPPO6_IM0_R40-Z00_MBBLD.4,"Rocky Mountain (PADD 4) Imports of Other Oils (Excluding Fuel Ethanol), 4 Week Avg",Thousand Barrels per Day,4,20150116,4
PET.W_EPPO6_IM0_R40-Z00_MBBLD.4,"Rocky Mountain (PADD 4) Imports of Other Oils (Excluding Fuel Ethanol), 4 Week Avg",Thousand Barrels per Day,4,20150109,5
PET.W_EPPO6_IM0_R40-Z00_MBBLD.4,"Rocky Mountain (PADD 4) Imports of Other Oils (Excluding Fuel Ethanol), 4 Week Avg",Thousand Barrels per Day,4,20150102,6
PET.W_EPPO6_IM0_R40-Z00_MBBLD.4,"Rocky Mountain (PADD 4) Imports of Other Oils (Excluding Fuel Ethanol), 4 Week Avg",Thousand Barrels per Day,4,20141226,8
PET.W_EPPO6_IM0_R40-Z00_MBBLD.4,"Rocky Mountain (PADD 4) Imports of Other Oils (Excluding Fuel Ethanol), 4 Week Avg",Thousand Barrels per Day,4,20141219,7
PET.W_EPPO6_IM0_R40-Z00_MBBLD.4,"Rocky Mountain (PADD 4) Imports of Other Oils (Excluding Fuel Ethanol), 4 Week Avg",Thousand Barrels per Day,4,20141212,6
PET.W_EPPO6_IM0_R40-Z00_MBBLD.4,"Rocky Mountain (PADD 4) Imports of Other Oils (Excluding Fuel Ethanol), 4 Week Avg",Thousand Barrels per Day,4,20141205,5
PET.W_EPPO6_IM0_R40-Z00_MBBLD.4,"Rocky Mountain (PADD 4) Imports of Other Oils (Excluding Fuel Ethanol), 4 Week Avg",Thousand Barrels per Day,4,20141128,4
PET.W_EPPO6_IM0_R40-Z00_MBBLD.4,"Rocky Mountain (PADD 4) Imports of Other Oils (Excluding Fuel Ethanol), 4 Week Avg",Thousand Barrels per Day,4,20141121,4
PET.W_EPPO6_IM0_R40-Z00_MBBLD.4,"Rocky Mountain (PADD 4) Imports of Other Oils (Excluding Fuel Ethanol), 4 Week Avg",Thousand Barrels per Day,4,20141114,4
PET.W_EPPO6_IM0_R40-Z00_MBBLD.4,"Rocky Mountain (PADD 4) Imports of Other Oils (Excluding Fuel Ethanol), 4 Week Avg",Thousand Barrels per Day,4,20141107,4
PET.W_EPPO6_IM0_R40-Z00_MBBLD.4,"Rocky Mountain (PADD 4) Imports of Other Oils (Excluding Fuel Ethanol), 4 Week Avg",Thousand Barrels per Day,4,20141031,3
PET.W_EPPO6_IM0_R40-Z00_MBBLD.4,"Rocky Mountain (PADD 4) Imports of Other Oils (Excluding Fuel Ethanol), 4 Week Avg",Thousand Barrels per Day,4,20141024,2
PET.W_EPPO6_IM0_R40-Z00_MBBLD.4,"Rocky Mountain (PADD 4) Imports of Other Oils (Excluding Fuel Ethanol), 4 Week Avg",Thousand Barrels per Day,4,20141017,1
PET.W_EPPO6_IM0_R40-Z00_MBBLD.4,"Rocky Mountain (PADD 4) Imports of Other Oils (Excluding Fuel Ethanol), 4 Week Avg",Thousand Barrels per Day,4,20141010,1
PET.W_EPPO6_IM0_R40-Z00_MBBLD.4,"Rocky Mountain (PADD 4) Imports of Other Oils (Excluding Fuel Ethanol), 4 Week Avg",Thousand Barrels per Day,4,20141003,2
PET.W_EPPO6_IM0_R40-Z00_MBBLD.4,"Rocky Mountain (PADD 4) Imports of Other Oils (Excluding Fuel Ethanol), 4 Week Avg",Thousand Barrels per Day,4,20140926,2
PET.W_EPPO6_IM0_R40-Z00_MBBLD.4,"Rocky Mountain (PADD 4) Imports of Other Oils (Excluding Fuel Ethanol), 4 Week Avg",Thousand Barrels per Day,4,20140919,2
PET.W_EPPO6_IM0_R40-Z00_MBBLD.4,"Rocky Mountain (PADD 4) Imports of Other Oils (Excluding Fuel Ethanol), 4 Week Avg",Thousand Barrels per Day,4,20140912,1
PET.W_EPPO6_IM0_R40-Z00_MBBLD.4,"Rocky Mountain (PADD 4) Imports of Other Oils (Excluding Fuel Ethanol), 4 Week Avg",Thousand Barrels per Day,4,20140905,1
PET.W_EPPO6_IM0_R40-Z00_MBBLD.4,"Rocky Mountain (PADD 4) Imports of Other Oils (Excluding Fuel Ethanol), 4 Week Avg",Thousand Barrels per Day,4,20140829,1
PET.W_EPPO6_IM0_R40-Z00_MBBLD.4,"Rocky Mountain (PADD 4) Imports of Other Oils (Excluding Fuel Ethanol), 4 Week Avg",Thousand Barrels per Day,4,20140822,1
PET.W_EPPO6_IM0_R40-Z00_MBBLD.4,"Rocky Mountain (PADD 4) Imports of Other Oils (Excluding Fuel Ethanol), 4 Week Avg",Thousand Barrels per Day,4,20140815,1
PET.W_EPPO6_IM0_R40-Z00_MBBLD.4,"Rocky Mountain (PADD 4) Imports of Other Oils (Excluding Fuel Ethanol), 4 Week Avg",Thousand Barrels per Day,4,20140808,2
PET.W_EPPO6_IM0_R40-Z00_MBBLD.4,"Rocky Mountain (PADD 4) Imports of Other Oils (Excluding Fuel Ethanol), 4 Week Avg",Thousand Barrels per Day,4,20140801,2
PET.W_EPPO6_IM0_R40-Z00_MBBLD.4,"Rocky Mountain (PADD 4) Imports of Other Oils (Excluding Fuel Ethanol), 4 Week Avg",Thousand Barrels per Day,4,20140725,2
PET.W_EPPO6_IM0_R40-Z00_MBBLD.4,"Rocky Mountain (PADD 4) Imports of Other Oils (Excluding Fuel Ethanol), 4 Week Avg",Thousand Barrels per Day,4,20140718,2
PET.W_EPPO6_IM0_R40-Z00_MBBLD.4,"Rocky Mountain (PADD 4) Imports of Other Oils (Excluding Fuel Ethanol), 4 Week Avg",Thousand Barrels per Day,4,20140711,2
PET.W_EPPO6_IM0_R40-Z00_MBBLD.4,"Rocky Mountain (PADD 4) Imports of Other Oils (Excluding Fuel Ethanol), 4 Week Avg",Thousand Barrels per Day,4,20140704,2
PET.W_EPPO6_IM0_R40-Z00_MBBLD.4,"Rocky Mountain (PADD 4) Imports of Other Oils (Excluding Fuel Ethanol), 4 Week Avg",Thousand Barrels per Day,4,20140627,2
PET.W_EPPO6_IM0_R40-Z00_MBBLD.4,"Rocky Mountain (PADD 4) Imports of Other Oils (Excluding Fuel Ethanol), 4 Week Avg",Thousand Barrels per Day,4,20140620,3
PET.W_EPPO6_IM0_R40-Z00_MBBLD.4,"Rocky Mountain (PADD 4) Imports of Other Oils (Excluding Fuel Ethanol), 4 Week Avg",Thousand Barrels per Day,4,20140613,2
PET.W_EPPO6_IM0_R40-Z00_MBBLD.4,"Rocky Mountain (PADD 4) Imports of Other Oils (Excluding Fuel Ethanol), 4 Week Avg",Thousand Barrels per Day,4,20140606,2
PET.W_EPPO6_IM0_R40-Z00_MBBLD.4,"Rocky Mountain (PADD 4) Imports of Other Oils (Excluding Fuel Ethanol), 4 Week Avg",Thousand Barrels per Day,4,20140530,2
PET.W_EPPO6_IM0_R40-Z00_MBBLD.4,"Rocky Mountain (PADD 4) Imports of Other Oils (Excluding Fuel Ethanol), 4 Week Avg",Thousand Barrels per Day,4,20140523,2
PET.W_EPPO6_IM0_R40-Z00_MBBLD.4,"Rocky Mountain (PADD 4) Imports of Other Oils (Excluding Fuel Ethanol), 4 Week Avg",Thousand Barrels per Day,4,20140516,2
PET.W_EPPO6_IM0_R40-Z00_MBBLD.4,"Rocky Mountain (PADD 4) Imports of Other Oils (Excluding Fuel Ethanol), 4 Week Avg",Thousand Barrels per Day,4,20140509,2
PET.W_EPPO6_IM0_R40-Z00_MBBLD.4,"Rocky Mountain (PADD 4) Imports of Other Oils (Excluding Fuel Ethanol), 4 Week Avg",Thousand Barrels per Day,4,20140502,3
PET.W_EPPO6_IM0_R40-Z00_MBBLD.4,"Rocky Mountain (PADD 4) Imports of Other Oils (Excluding Fuel Ethanol), 4 Week Avg",Thousand Barrels per Day,4,20140425,3
PET.W_EPPO6_IM0_R40-Z00_MBBLD.4,"Rocky Mountain (PADD 4) Imports of Other Oils (Excluding Fuel Ethanol), 4 Week Avg",Thousand Barrels per Day,4,20140418,3
PET.W_EPPO6_IM0_R40-Z00_MBBLD.4,"Rocky Mountain (PADD 4) Imports of Other Oils (Excluding Fuel Ethanol), 4 Week Avg",Thousand Barrels per Day,4,20140411,4
PET.W_EPPO6_IM0_R40-Z00_MBBLD.4,"Rocky Mountain (PADD 4) Imports of Other Oils (Excluding Fuel Ethanol), 4 Week Avg",Thousand Barrels per Day,4,20140404,4
PET.W_EPPO6_IM0_R40-Z00_MBBLD.4,"Rocky Mountain (PADD 4) Imports of Other Oils (Excluding Fuel Ethanol), 4 Week Avg",Thousand Barrels per Day,4,20140328,3
PET.W_EPPO6_IM0_R40-Z00_MBBLD.4,"Rocky Mountain (PADD 4) Imports of Other Oils (Excluding Fuel Ethanol), 4 Week Avg",Thousand Barrels per Day,4,20140321,4
PET.W_EPPO6_IM0_R40-Z00_MBBLD.4,"Rocky Mountain (PADD 4) Imports of Other Oils (Excluding Fuel Ethanol), 4 Week Avg",Thousand Barrels per Day,4,20140314,3
PET.W_EPPO6_IM0_R40-Z00_MBBLD.4,"Rocky Mountain (PADD 4) Imports of Other Oils (Excluding Fuel Ethanol), 4 Week Avg",Thousand Barrels per Day,4,20140307,3
PET.W_EPPO6_IM0_R40-Z00_MBBLD.4,"Rocky Mountain (PADD 4) Imports of Other Oils (Excluding Fuel Ethanol), 4 Week Avg",Thousand Barrels per Day,4,20140228,3
PET.W_EPPO6_IM0_R40-Z00_MBBLD.4,"Rocky Mountain (PADD 4) Imports of Other Oils (Excluding Fuel Ethanol), 4 Week Avg",Thousand Barrels per Day,4,20140221,3
PET.W_EPPO6_IM0_R40-Z00_MBBLD.4,"Rocky Mountain (PADD 4) Imports of Other Oils (Excluding Fuel Ethanol), 4 Week Avg",Thousand Barrels per Day,4,20140214,3
PET.W_EPPO6_IM0_R40-Z00_MBBLD.4,"Rocky Mountain (PADD 4) Imports of Other Oils (Excluding Fuel Ethanol), 4 Week Avg",Thousand Barrels per Day,4,20140207,3
PET.W_EPPO6_IM0_R40-Z00_MBBLD.4,"Rocky Mountain (PADD 4) Imports of Other Oils (Excluding Fuel Ethanol), 4 Week Avg",Thousand Barrels per Day,4,20140131,3
PET.W_EPPO6_IM0_R40-Z00_MBBLD.4,"Rocky Mountain (PADD 4) Imports of Other Oils (Excluding Fuel Ethanol), 4 Week Avg",Thousand Barrels per Day,4,20140124,3
PET.W_EPPO6_IM0_R40-Z00_MBBLD.4,"Rocky Mountain (PADD 4) Imports of Other Oils (Excluding Fuel Ethanol), 4 Week Avg",Thousand Barrels per Day,4,20140117,3
PET.W_EPPO6_IM0_R40-Z00_MBBLD.4,"Rocky Mountain (PADD 4) Imports of Other Oils (Excluding Fuel Ethanol), 4 Week Avg",Thousand Barrels per Day,4,20140110,3
PET.W_EPPO6_IM0_R40-Z00_MBBLD.4,"Rocky Mountain (PADD 4) Imports of Other Oils (Excluding Fuel Ethanol), 4 Week Avg",Thousand Barrels per Day,4,20140103,2
PET.W_EPPO6_IM0_R40-Z00_MBBLD.4,"Rocky Mountain (PADD 4) Imports of Other Oils (Excluding Fuel Ethanol), 4 Week Avg",Thousand Barrels per Day,4,20131227,2
PET.W_EPPO6_IM0_R40-Z00_MBBLD.4,"Rocky Mountain (PADD 4) Imports of Other Oils (Excluding Fuel Ethanol), 4 Week Avg",Thousand Barrels per Day,4,20131220,3
PET.W_EPPO6_IM0_R40-Z00_MBBLD.4,"Rocky Mountain (PADD 4) Imports of Other Oils (Excluding Fuel Ethanol), 4 Week Avg",Thousand Barrels per Day,4,20131213,4
PET.W_EPPO6_IM0_R40-Z00_MBBLD.4,"Rocky Mountain (PADD 4) Imports of Other Oils (Excluding Fuel Ethanol), 4 Week Avg",Thousand Barrels per Day,4,20131206,4
PET.W_EPPO6_IM0_R40-Z00_MBBLD.4,"Rocky Mountain (PADD 4) Imports of Other Oils (Excluding Fuel Ethanol), 4 Week Avg",Thousand Barrels per Day,4,20131129,4
PET.W_EPPO6_IM0_R40-Z00_MBBLD.4,"Rocky Mountain (PADD 4) Imports of Other Oils (Excluding Fuel Ethanol), 4 Week Avg",Thousand Barrels per Day,4,20131122,2
PET.W_EPPO6_IM0_R40-Z00_MBBLD.4,"Rocky Mountain (PADD 4) Imports of Other Oils (Excluding Fuel Ethanol), 4 Week Avg",Thousand Barrels per Day,4,20131115,3
PET.W_EPPO6_IM0_R40-Z00_MBBLD.4,"Rocky Mountain (PADD 4) Imports of Other Oils (Excluding Fuel Ethanol), 4 Week Avg",Thousand Barrels per Day,4,20131108,4
PET.W_EPPO6_IM0_R40-Z00_MBBLD.4,"Rocky Mountain (PADD 4) Imports of Other Oils (Excluding Fuel Ethanol), 4 Week Avg",Thousand Barrels per Day,4,20131101,5
PET.W_EPPO6_IM0_R40-Z00_MBBLD.4,"Rocky Mountain (PADD 4) Imports of Other Oils (Excluding Fuel Ethanol), 4 Week Avg",Thousand Barrels per Day,4,20131025,7
PET.W_EPPO6_IM0_R40-Z00_MBBLD.4,"Rocky Mountain (PADD 4) Imports of Other Oils (Excluding Fuel Ethanol), 4 Week Avg",Thousand Barrels per Day,4,20131018,5
PET.W_EPPO6_IM0_R40-Z00_MBBLD.4,"Rocky Mountain (PADD 4) Imports of Other Oils (Excluding Fuel Ethanol), 4 Week Avg",Thousand Barrels per Day,4,20131011,5
PET.W_EPPO6_IM0_R40-Z00_MBBLD.4,"Rocky Mountain (PADD 4) Imports of Other Oils (Excluding Fuel Ethanol), 4 Week Avg",Thousand Barrels per Day,4,20131004,3
PET.W_EPPO6_IM0_R40-Z00_MBBLD.4,"Rocky Mountain (PADD 4) Imports of Other Oils (Excluding Fuel Ethanol), 4 Week Avg",Thousand Barrels per Day,4,20130927,2
PET.W_EPPO6_IM0_R40-Z00_MBBLD.4,"Rocky Mountain (PADD 4) Imports of Other Oils (Excluding Fuel Ethanol), 4 Week Avg",Thousand Barrels per Day,4,20130920,2
PET.W_EPPO6_IM0_R40-Z00_MBBLD.4,"Rocky Mountain (PADD 4) Imports of Other Oils (Excluding Fuel Ethanol), 4 Week Avg",Thousand Barrels per Day,4,20130913,3
PET.W_EPPO6_IM0_R40-Z00_MBBLD.4,"Rocky Mountain (PADD 4) Imports of Other Oils (Excluding Fuel Ethanol), 4 Week Avg",Thousand Barrels per Day,4,20130906,3
PET.W_EPPO6_IM0_R40-Z00_MBBLD.4,"Rocky Mountain (PADD 4) Imports of Other Oils (Excluding Fuel Ethanol), 4 Week Avg",Thousand Barrels per Day,4,20130830,2
PET.W_EPPO6_IM0_R40-Z00_MBBLD.4,"Rocky Mountain (PADD 4) Imports of Other Oils (Excluding Fuel Ethanol), 4 Week Avg",Thousand Barrels per Day,4,20130823,2
PET.W_EPPO6_IM0_R40-Z00_MBBLD.4,"Rocky Mountain (PADD 4) Imports of Other Oils (Excluding Fuel Ethanol), 4 Week Avg",Thousand Barrels per Day,4,20130816,1
PET.W_EPPO6_IM0_R40-Z00_MBBLD.4,"Rocky Mountain (PADD 4) Imports of Other Oils (Excluding Fuel Ethanol), 4 Week Avg",Thousand Barrels per Day,4,20130809,1
PET.W_EPPO6_IM0_R40-Z00_MBBLD.4,"Rocky Mountain (PADD 4) Imports of Other Oils (Excluding Fuel Ethanol), 4 Week Avg",Thousand Barrels per Day,4,20130802,1
PET.W_EPPO6_IM0_R40-Z00_MBBLD.4,"Rocky Mountain (PADD 4) Imports of Other Oils (Excluding Fuel Ethanol), 4 Week Avg",Thousand Barrels per Day,4,20130726,1
PET.W_EPPO6_IM0_R40-Z00_MBBLD.4,"Rocky Mountain (PADD 4) Imports of Other Oils (Excluding Fuel Ethanol), 4 Week Avg",Thousand Barrels per Day,4,20130719,1
PET.W_EPPO6_IM0_R40-Z00_MBBLD.4,"Rocky Mountain (PADD 4) Imports of Other Oils (Excluding Fuel Ethanol), 4 Week Avg",Thousand Barrels per Day,4,20130712,1
PET.W_EPPO6_IM0_R40-Z00_MBBLD.4,"Rocky Mountain (PADD 4) Imports of Other Oils (Excluding Fuel Ethanol), 4 Week Avg",Thousand Barrels per Day,4,20130705,2
PET.W_EPPO6_IM0_R40-Z00_MBBLD.4,"Rocky Mountain (PADD 4) Imports of Other Oils (Excluding Fuel Ethanol), 4 Week Avg",Thousand Barrels per Day,4,20130628,2
PET.W_EPPO6_IM0_R40-Z00_MBBLD.4,"Rocky Mountain (PADD 4) Imports of Other Oils (Excluding Fuel Ethanol), 4 Week Avg",Thousand Barrels per Day,4,20130621,2
PET.W_EPPO6_IM0_R40-Z00_MBBLD.4,"Rocky Mountain (PADD 4) Imports of Other Oils (Excluding Fuel Ethanol), 4 Week Avg",Thousand Barrels per Day,4,20130614,2
PET.W_EPPO6_IM0_R40-Z00_MBBLD.4,"Rocky Mountain (PADD 4) Imports of Other Oils (Excluding Fuel Ethanol), 4 Week Avg",Thousand Barrels per Day,4,20130607,2
PET.W_EPPO6_IM0_R40-Z00_MBBLD.4,"Rocky Mountain (PADD 4) Imports of Other Oils (Excluding Fuel Ethanol), 4 Week Avg",Thousand Barrels per Day,4,20130531,1
PET.W_EPPO6_IM0_R40-Z00_MBBLD.4,"Rocky Mountain (PADD 4) Imports of Other Oils (Excluding Fuel Ethanol), 4 Week Avg",Thousand Barrels per Day,4,20130524,1
PET.W_EPPO6_IM0_R40-Z00_MBBLD.4,"Rocky Mountain (PADD 4) Imports of Other Oils (Excluding Fuel Ethanol), 4 Week Avg",Thousand Barrels per Day,4,20130517,1
PET.W_EPPO6_IM0_R40-Z00_MBBLD.4,"Rocky Mountain (PADD 4) Imports of Other Oils (Excluding Fuel Ethanol), 4 Week Avg",Thousand Barrels per Day,4,20130510,1
PET.W_EPPO6_IM0_R40-Z00_MBBLD.4,"Rocky Mountain (PADD 4) Imports of Other Oils (Excluding Fuel Ethanol), 4 Week Avg",Thousand Barrels per Day,4,20130503,1
PET.W_EPPO6_IM0_R40-Z00_MBBLD.4,"Rocky Mountain (PADD 4) Imports of Other Oils (Excluding Fuel Ethanol), 4 Week Avg",Thousand Barrels per Day,4,20130426,1
PET.W_EPPO6_IM0_R40-Z00_MBBLD.4,"Rocky Mountain (PADD 4) Imports of Other Oils (Excluding Fuel Ethanol), 4 Week Avg",Thousand Barrels per Day,4,20130419,1
PET.W_EPPO6_IM0_R40-Z00_MBBLD.4,"Rocky Mountain (PADD 4) Imports of Other Oils (Excluding Fuel Ethanol), 4 Week Avg",Thousand Barrels per Day,4,20130412,2
PET.W_EPPO6_IM0_R40-Z00_MBBLD.4,"Rocky Mountain (PADD 4) Imports of Other Oils (Excluding Fuel Ethanol), 4 Week Avg",Thousand Barrels per Day,4,20130405,2
PET.W_EPPO6_IM0_R40-Z00_MBBLD.4,"Rocky Mountain (PADD 4) Imports of Other Oils (Excluding Fuel Ethanol), 4 Week Avg",Thousand Barrels per Day,4,20130329,3
PET.W_EPPO6_IM0_R40-Z00_MBBLD.4,"Rocky Mountain (PADD 4) Imports of Other Oils (Excluding Fuel Ethanol), 4 Week Avg",Thousand Barrels per Day,4,20130322,3
PET.W_EPPO6_IM0_R40-Z00_MBBLD.4,"Rocky Mountain (PADD 4) Imports of Other Oils (Excluding Fuel Ethanol), 4 Week Avg",Thousand Barrels per Day,4,20130315,2
PET.W_EPPO6_IM0_R40-Z00_MBBLD.4,"Rocky Mountain (PADD 4) Imports of Other Oils (Excluding Fuel Ethanol), 4 Week Avg",Thousand Barrels per Day,4,20130308,2
PET.W_EPPO6_IM0_R40-Z00_MBBLD.4,"Rocky Mountain (PADD 4) Imports of Other Oils (Excluding Fuel Ethanol), 4 Week Avg",Thousand Barrels per Day,4,20130301,1
PET.W_EPPO6_IM0_R40-Z00_MBBLD.4,"Rocky Mountain (PADD 4) Imports of Other Oils (Excluding Fuel Ethanol), 4 Week Avg",Thousand Barrels per Day,4,20130222,1
PET.W_EPPO6_IM0_R40-Z00_MBBLD.4,"Rocky Mountain (PADD 4) Imports of Other Oils (Excluding Fuel Ethanol), 4 Week Avg",Thousand Barrels per Day,4,20130215,2
PET.W_EPPO6_IM0_R40-Z00_MBBLD.4,"Rocky Mountain (PADD 4) Imports of Other Oils (Excluding Fuel Ethanol), 4 Week Avg",Thousand Barrels per Day,4,20130208,2
PET.W_EPPO6_IM0_R40-Z00_MBBLD.4,"Rocky Mountain (PADD 4) Imports of Other Oils (Excluding Fuel Ethanol), 4 Week Avg",Thousand Barrels per Day,4,20130201,2
PET.W_EPPO6_IM0_R40-Z00_MBBLD.4,"Rocky Mountain (PADD 4) Imports of Other Oils (Excluding Fuel Ethanol), 4 Week Avg",Thousand Barrels per Day,4,20130125,2
PET.W_EPPO6_IM0_R40-Z00_MBBLD.4,"Rocky Mountain (PADD 4) Imports of Other Oils (Excluding Fuel Ethanol), 4 Week Avg",Thousand Barrels per Day,4,20130118,2
PET.W_EPPO6_IM0_R40-Z00_MBBLD.4,"Rocky Mountain (PADD 4) Imports of Other Oils (Excluding Fuel Ethanol), 4 Week Avg",Thousand Barrels per Day,4,20130111,2
PET.W_EPPO6_IM0_R40-Z00_MBBLD.4,"Rocky Mountain (PADD 4) Imports of Other Oils (Excluding Fuel Ethanol), 4 Week Avg",Thousand Barrels per Day,4,20130104,2
PET.W_EPPO6_IM0_R40-Z00_MBBLD.4,"Rocky Mountain (PADD 4) Imports of Other Oils (Excluding Fuel Ethanol), 4 Week Avg",Thousand Barrels per Day,4,20121228,2
PET.W_EPPO6_IM0_R40-Z00_MBBLD.4,"Rocky Mountain (PADD 4) Imports of Other Oils (Excluding Fuel Ethanol), 4 Week Avg",Thousand Barrels per Day,4,20121221,5
PET.W_EPPO6_IM0_R40-Z00_MBBLD.4,"Rocky Mountain (PADD 4) Imports of Other Oils (Excluding Fuel Ethanol), 4 Week Avg",Thousand Barrels per Day,4,20121214,8
PET.W_EPPO6_IM0_R40-Z00_MBBLD.4,"Rocky Mountain (PADD 4) Imports of Other Oils (Excluding Fuel Ethanol), 4 Week Avg",Thousand Barrels per Day,4,20121207,9
PET.W_EPPO6_IM0_R40-Z00_MBBLD.4,"Rocky Mountain (PADD 4) Imports of Other Oils (Excluding Fuel Ethanol), 4 Week Avg",Thousand Barrels per Day,4,20121130,9
PET.W_EPPO6_IM0_R40-Z00_MBBLD.4,"Rocky Mountain (PADD 4) Imports of Other Oils (Excluding Fuel Ethanol), 4 Week Avg",Thousand Barrels per Day,4,20121123,6
PET.W_EPPO6_IM0_R40-Z00_MBBLD.4,"Rocky Mountain (PADD 4) Imports of Other Oils (Excluding Fuel Ethanol), 4 Week Avg",Thousand Barrels per Day,4,20121116,3
PET.W_EPPO6_IM0_R40-Z00_MBBLD.4,"Rocky Mountain (PADD 4) Imports of Other Oils (Excluding Fuel Ethanol), 4 Week Avg",Thousand Barrels per Day,4,20121109,1
PET.W_EPPO6_IM0_R40-Z00_MBBLD.4,"Rocky Mountain (PADD 4) Imports of Other Oils (Excluding Fuel Ethanol), 4 Week Avg",Thousand Barrels per Day,4,20121102,1
PET.W_EPPO6_IM0_R40-Z00_MBBLD.4,"Rocky Mountain (PADD 4) Imports of Other Oils (Excluding Fuel Ethanol), 4 Week Avg",Thousand Barrels per Day,4,20121026,1
PET.W_EPPO6_IM0_R40-Z00_MBBLD.4,"Rocky Mountain (PADD 4) Imports of Other Oils (Excluding Fuel Ethanol), 4 Week Avg",Thousand Barrels per Day,4,20121019,2
PET.W_EPPO6_IM0_R40-Z00_MBBLD.4,"Rocky Mountain (PADD 4) Imports of Other Oils (Excluding Fuel Ethanol), 4 Week Avg",Thousand Barrels per Day,4,20121012,2
PET.W_EPPO6_IM0_R40-Z00_MBBLD.4,"Rocky Mountain (PADD 4) Imports of Other Oils (Excluding Fuel Ethanol), 4 Week Avg",Thousand Barrels per Day,4,20121005,2
PET.W_EPPO6_IM0_R40-Z00_MBBLD.4,"Rocky Mountain (PADD 4) Imports of Other Oils (Excluding Fuel Ethanol), 4 Week Avg",Thousand Barrels per Day,4,20120928,1
PET.W_EPPO6_IM0_R40-Z00_MBBLD.4,"Rocky Mountain (PADD 4) Imports of Other Oils (Excluding Fuel Ethanol), 4 Week Avg",Thousand Barrels per Day,4,20120921,2
PET.W_EPPO6_IM0_R40-Z00_MBBLD.4,"Rocky Mountain (PADD 4) Imports of Other Oils (Excluding Fuel Ethanol), 4 Week Avg",Thousand Barrels per Day,4,20120914,2
PET.W_EPPO6_IM0_R40-Z00_MBBLD.4,"Rocky Mountain (PADD 4) Imports of Other Oils (Excluding Fuel Ethanol), 4 Week Avg",Thousand Barrels per Day,4,20120907,2
PET.W_EPPO6_IM0_R40-Z00_MBBLD.4,"Rocky Mountain (PADD 4) Imports of Other Oils (Excluding Fuel Ethanol), 4 Week Avg",Thousand Barrels per Day,4,20120831,1
PET.W_EPPO6_IM0_R40-Z00_MBBLD.4,"Rocky Mountain (PADD 4) Imports of Other Oils (Excluding Fuel Ethanol), 4 Week Avg",Thousand Barrels per Day,4,20120824,0
PET.W_EPPO6_IM0_R40-Z00_MBBLD.4,"Rocky Mountain (PADD 4) Imports of Other Oils (Excluding Fuel Ethanol), 4 Week Avg",Thousand Barrels per Day,4,20120817,0
PET.W_EPPO6_IM0_R40-Z00_MBBLD.4,"Rocky Mountain (PADD 4) Imports of Other Oils (Excluding Fuel Ethanol), 4 Week Avg",Thousand Barrels per Day,4,20120810,0
PET.W_EPPO6_IM0_R40-Z00_MBBLD.4,"Rocky Mountain (PADD 4) Imports of Other Oils (Excluding Fuel Ethanol), 4 Week Avg",Thousand Barrels per Day,4,20120803,0
PET.W_EPPO6_IM0_R40-Z00_MBBLD.4,"Rocky Mountain (PADD 4) Imports of Other Oils (Excluding Fuel Ethanol), 4 Week Avg",Thousand Barrels per Day,4,20120727,0
PET.W_EPPO6_IM0_R40-Z00_MBBLD.4,"Rocky Mountain (PADD 4) Imports of Other Oils (Excluding Fuel Ethanol), 4 Week Avg",Thousand Barrels per Day,4,20120720,0
PET.W_EPPO6_IM0_R40-Z00_MBBLD.4,"Rocky Mountain (PADD 4) Imports of Other Oils (Excluding Fuel Ethanol), 4 Week Avg",Thousand Barrels per Day,4,20120713,0
PET.W_EPPO6_IM0_R40-Z00_MBBLD.4,"Rocky Mountain (PADD 4) Imports of Other Oils (Excluding Fuel Ethanol), 4 Week Avg",Thousand Barrels per Day,4,20120706,0
PET.W_EPPO6_IM0_R40-Z00_MBBLD.4,"Rocky Mountain (PADD 4) Imports of Other Oils (Excluding Fuel Ethanol), 4 Week Avg",Thousand Barrels per Day,4,20120629,0
PET.W_EPPO6_IM0_R40-Z00_MBBLD.4,"Rocky Mountain (PADD 4) Imports of Other Oils (Excluding Fuel Ethanol), 4 Week Avg",Thousand Barrels per Day,4,20120622,0
PET.W_EPPO6_IM0_R40-Z00_MBBLD.4,"Rocky Mountain (PADD 4) Imports of Other Oils (Excluding Fuel Ethanol), 4 Week Avg",Thousand Barrels per Day,4,20120615,0
PET.W_EPPO6_IM0_R40-Z00_MBBLD.4,"Rocky Mountain (PADD 4) Imports of Other Oils (Excluding Fuel Ethanol), 4 Week Avg",Thousand Barrels per Day,4,20120608,0
PET.W_EPPO6_IM0_R40-Z00_MBBLD.4,"Rocky Mountain (PADD 4) Imports of Other Oils (Excluding Fuel Ethanol), 4 Week Avg",Thousand Barrels per Day,4,20120601,0
PET.W_EPPO6_IM0_R40-Z00_MBBLD.4,"Rocky Mountain (PADD 4) Imports of Other Oils (Excluding Fuel Ethanol), 4 Week Avg",Thousand Barrels per Day,4,20120525,0
PET.W_EPPO6_IM0_R40-Z00_MBBLD.4,"Rocky Mountain (PADD 4) Imports of Other Oils (Excluding Fuel Ethanol), 4 Week Avg",Thousand Barrels per Day,4,20120518,0
PET.W_EPPO6_IM0_R40-Z00_MBBLD.4,"Rocky Mountain (PADD 4) Imports of Other Oils (Excluding Fuel Ethanol), 4 Week Avg",Thousand Barrels per Day,4,20120511,0
PET.W_EPPO6_IM0_R40-Z00_MBBLD.4,"Rocky Mountain (PADD 4) Imports of Other Oils (Excluding Fuel Ethanol), 4 Week Avg",Thousand Barrels per Day,4,20120504,0
PET.W_EPPO6_IM0_R40-Z00_MBBLD.4,"Rocky Mountain (PADD 4) Imports of Other Oils (Excluding Fuel Ethanol), 4 Week Avg",Thousand Barrels per Day,4,20120427,0
PET.W_EPPO6_IM0_R40-Z00_MBBLD.4,"Rocky Mountain (PADD 4) Imports of Other Oils (Excluding Fuel Ethanol), 4 Week Avg",Thousand Barrels per Day,4,20120420,0
PET.W_EPPO6_IM0_R40-Z00_MBBLD.4,"Rocky Mountain (PADD 4) Imports of Other Oils (Excluding Fuel Ethanol), 4 Week Avg",Thousand Barrels per Day,4,20120413,1
PET.W_EPPO6_IM0_R40-Z00_MBBLD.4,"Rocky Mountain (PADD 4) Imports of Other Oils (Excluding Fuel Ethanol), 4 Week Avg",Thousand Barrels per Day,4,20120406,1
PET.W_EPPO6_IM0_R40-Z00_MBBLD.4,"Rocky Mountain (PADD 4) Imports of Other Oils (Excluding Fuel Ethanol), 4 Week Avg",Thousand Barrels per Day,4,20120330,1
PET.W_EPPO6_IM0_R40-Z00_MBBLD.4,"Rocky Mountain (PADD 4) Imports of Other Oils (Excluding Fuel Ethanol), 4 Week Avg",Thousand Barrels per Day,4,20120323,1
PET.W_EPPO6_IM0_R40-Z00_MBBLD.4,"Rocky Mountain (PADD 4) Imports of Other Oils (Excluding Fuel Ethanol), 4 Week Avg",Thousand Barrels per Day,4,20120316,0
PET.W_EPPO6_IM0_R40-Z00_MBBLD.4,"Rocky Mountain (PADD 4) Imports of Other Oils (Excluding Fuel Ethanol), 4 Week Avg",Thousand Barrels per Day,4,20120309,0
PET.W_EPPO6_IM0_R40-Z00_MBBLD.4,"Rocky Mountain (PADD 4) Imports of Other Oils (Excluding Fuel Ethanol), 4 Week Avg",Thousand Barrels per Day,4,20120302,0
PET.W_EPPO6_IM0_R40-Z00_MBBLD.4,"Rocky Mountain (PADD 4) Imports of Other Oils (Excluding Fuel Ethanol), 4 Week Avg",Thousand Barrels per Day,4,20120224,0
PET.W_EPPO6_IM0_R40-Z00_MBBLD.4,"Rocky Mountain (PADD 4) Imports of Other Oils (Excluding Fuel Ethanol), 4 Week Avg",Thousand Barrels per Day,4,20120217,0
PET.W_EPPO6_IM0_R40-Z00_MBBLD.4,"Rocky Mountain (PADD 4) Imports of Other Oils (Excluding Fuel Ethanol), 4 Week Avg",Thousand Barrels per Day,4,20120210,0
PET.W_EPPO6_IM0_R40-Z00_MBBLD.4,"Rocky Mountain (PADD 4) Imports of Other Oils (Excluding Fuel Ethanol), 4 Week Avg",Thousand Barrels per Day,4,20120203,0
PET.W_EPPO6_IM0_R40-Z00_MBBLD.4,"Rocky Mountain (PADD 4) Imports of Other Oils (Excluding Fuel Ethanol), 4 Week Avg",Thousand Barrels per Day,4,20120127,0
PET.W_EPPO6_IM0_R40-Z00_MBBLD.4,"Rocky Mountain (PADD 4) Imports of Other Oils (Excluding Fuel Ethanol), 4 Week Avg",Thousand Barrels per Day,4,20120120,1
PET.W_EPPO6_IM0_R40-Z00_MBBLD.4,"Rocky Mountain (PADD 4) Imports of Other Oils (Excluding Fuel Ethanol), 4 Week Avg",Thousand Barrels per Day,4,20120113,0
PET.W_EPPO6_IM0_R40-Z00_MBBLD.4,"Rocky Mountain (PADD 4) Imports of Other Oils (Excluding Fuel Ethanol), 4 Week Avg",Thousand Barrels per Day,4,20120106,0
PET.W_EPPO6_IM0_R40-Z00_MBBLD.4,"Rocky Mountain (PADD 4) Imports of Other Oils (Excluding Fuel Ethanol), 4 Week Avg",Thousand Barrels per Day,4,20111230,0
PET.W_EPPO6_IM0_R40-Z00_MBBLD.4,"Rocky Mountain (PADD 4) Imports of Other Oils (Excluding Fuel Ethanol), 4 Week Avg",Thousand Barrels per Day,4,20111223,0
PET.W_EPPO6_IM0_R40-Z00_MBBLD.4,"Rocky Mountain (PADD 4) Imports of Other Oils (Excluding Fuel Ethanol), 4 Week Avg",Thousand Barrels per Day,4,20111216,0
PET.W_EPPO6_IM0_R40-Z00_MBBLD.4,"Rocky Mountain (PADD 4) Imports of Other Oils (Excluding Fuel Ethanol), 4 Week Avg",Thousand Barrels per Day,4,20111209,0
PET.W_EPPO6_IM0_R40-Z00_MBBLD.4,"Rocky Mountain (PADD 4) Imports of Other Oils (Excluding Fuel Ethanol), 4 Week Avg",Thousand Barrels per Day,4,20111202,0
PET.W_EPPO6_IM0_R40-Z00_MBBLD.4,"Rocky Mountain (PADD 4) Imports of Other Oils (Excluding Fuel Ethanol), 4 Week Avg",Thousand Barrels per Day,4,20111125,0
PET.W_EPPO6_IM0_R40-Z00_MBBLD.4,"Rocky Mountain (PADD 4) Imports of Other Oils (Excluding Fuel Ethanol), 4 Week Avg",Thousand Barrels per Day,4,20111118,0
PET.W_EPPO6_IM0_R40-Z00_MBBLD.4,"Rocky Mountain (PADD 4) Imports of Other Oils (Excluding Fuel Ethanol), 4 Week Avg",Thousand Barrels per Day,4,20111111,0
PET.W_EPPO6_IM0_R40-Z00_MBBLD.4,"Rocky Mountain (PADD 4) Imports of Other Oils (Excluding Fuel Ethanol), 4 Week Avg",Thousand Barrels per Day,4,20111104,0
PET.W_EPPO6_IM0_R40-Z00_MBBLD.4,"Rocky Mountain (PADD 4) Imports of Other Oils (Excluding Fuel Ethanol), 4 Week Avg",Thousand Barrels per Day,4,20111028,0
PET.W_EPPO6_IM0_R40-Z00_MBBLD.4,"Rocky Mountain (PADD 4) Imports of Other Oils (Excluding Fuel Ethanol), 4 Week Avg",Thousand Barrels per Day,4,20111021,0
PET.W_EPPO6_IM0_R40-Z00_MBBLD.4,"Rocky Mountain (PADD 4) Imports of Other Oils (Excluding Fuel Ethanol), 4 Week Avg",Thousand Barrels per Day,4,20111014,0
PET.W_EPPO6_IM0_R40-Z00_MBBLD.4,"Rocky Mountain (PADD 4) Imports of Other Oils (Excluding Fuel Ethanol), 4 Week Avg",Thousand Barrels per Day,4,20111007,0
PET.W_EPPO6_IM0_R40-Z00_MBBLD.4,"Rocky Mountain (PADD 4) Imports of Other Oils (Excluding Fuel Ethanol), 4 Week Avg",Thousand Barrels per Day,4,20110930,0
PET.W_EPPO6_IM0_R40-Z00_MBBLD.4,"Rocky Mountain (PADD 4) Imports of Other Oils (Excluding Fuel Ethanol), 4 Week Avg",Thousand Barrels per Day,4,20110923,0
PET.W_EPPO6_IM0_R40-Z00_MBBLD.4,"Rocky Mountain (PADD 4) Imports of Other Oils (Excluding Fuel Ethanol), 4 Week Avg",Thousand Barrels per Day,4,20110916,0
PET.W_EPPO6_IM0_R40-Z00_MBBLD.4,"Rocky Mountain (PADD 4) Imports of Other Oils (Excluding Fuel Ethanol), 4 Week Avg",Thousand Barrels per Day,4,20110909,0
PET.W_EPPO6_IM0_R40-Z00_MBBLD.4,"Rocky Mountain (PADD 4) Imports of Other Oils (Excluding Fuel Ethanol), 4 Week Avg",Thousand Barrels per Day,4,20110902,0
PET.W_EPPO6_IM0_R40-Z00_MBBLD.4,"Rocky Mountain (PADD 4) Imports of Other Oils (Excluding Fuel Ethanol), 4 Week Avg",Thousand Barrels per Day,4,20110826,0
PET.W_EPPO6_IM0_R40-Z00_MBBLD.4,"Rocky Mountain (PADD 4) Imports of Other Oils (Excluding Fuel Ethanol), 4 Week Avg",Thousand Barrels per Day,4,20110819,0
PET.W_EPPO6_IM0_R40-Z00_MBBLD.4,"Rocky Mountain (PADD 4) Imports of Other Oils (Excluding Fuel Ethanol), 4 Week Avg",Thousand Barrels per Day,4,20110812,0
PET.W_EPPO6_IM0_R40-Z00_MBBLD.4,"Rocky Mountain (PADD 4) Imports of Other Oils (Excluding Fuel Ethanol), 4 Week Avg",Thousand Barrels per Day,4,20110805,1
PET.W_EPPO6_IM0_R40-Z00_MBBLD.4,"Rocky Mountain (PADD 4) Imports of Other Oils (Excluding Fuel Ethanol), 4 Week Avg",Thousand Barrels per Day,4,20110729,1
PET.W_EPPO6_IM0_R40-Z00_MBBLD.4,"Rocky Mountain (PADD 4) Imports of Other Oils (Excluding Fuel Ethanol), 4 Week Avg",Thousand Barrels per Day,4,20110722,0
PET.W_EPPO6_IM0_R40-Z00_MBBLD.4,"Rocky Mountain (PADD 4) Imports of Other Oils (Excluding Fuel Ethanol), 4 Week Avg",Thousand Barrels per Day,4,20110715,0
PET.W_EPPO6_IM0_R40-Z00_MBBLD.4,"Rocky Mountain (PADD 4) Imports of Other Oils (Excluding Fuel Ethanol), 4 Week Avg",Thousand Barrels per Day,4,20110708,0
PET.W_EPPO6_IM0_R40-Z00_MBBLD.4,"Rocky Mountain (PADD 4) Imports of Other Oils (Excluding Fuel Ethanol), 4 Week Avg",Thousand Barrels per Day,4,20110701,0
PET.W_EPPO6_IM0_R40-Z00_MBBLD.4,"Rocky Mountain (PADD 4) Imports of Other Oils (Excluding Fuel Ethanol), 4 Week Avg",Thousand Barrels per Day,4,20110624,0
PET.W_EPPO6_IM0_R40-Z00_MBBLD.4,"Rocky Mountain (PADD 4) Imports of Other Oils (Excluding Fuel Ethanol), 4 Week Avg",Thousand Barrels per Day,4,20110617,0
PET.W_EPPO6_IM0_R40-Z00_MBBLD.4,"Rocky Mountain (PADD 4) Imports of Other Oils (Excluding Fuel Ethanol), 4 Week Avg",Thousand Barrels per Day,4,20110610,0
PET.W_EPPO6_IM0_R40-Z00_MBBLD.4,"Rocky Mountain (PADD 4) Imports of Other Oils (Excluding Fuel Ethanol), 4 Week Avg",Thousand Barrels per Day,4,20110603,0
PET.W_EPPO6_IM0_R40-Z00_MBBLD.4,"Rocky Mountain (PADD 4) Imports of Other Oils (Excluding Fuel Ethanol), 4 Week Avg",Thousand Barrels per Day,4,20110527,0
PET.W_EPPO6_IM0_R40-Z00_MBBLD.4,"Rocky Mountain (PADD 4) Imports of Other Oils (Excluding Fuel Ethanol), 4 Week Avg",Thousand Barrels per Day,4,20110520,1
PET.W_EPPO6_IM0_R40-Z00_MBBLD.4,"Rocky Mountain (PADD 4) Imports of Other Oils (Excluding Fuel Ethanol), 4 Week Avg",Thousand Barrels per Day,4,20110513,1
PET.W_EPPO6_IM0_R40-Z00_MBBLD.4,"Rocky Mountain (PADD 4) Imports of Other Oils (Excluding Fuel Ethanol), 4 Week Avg",Thousand Barrels per Day,4,20110506,1
PET.W_EPPO6_IM0_R40-Z00_MBBLD.4,"Rocky Mountain (PADD 4) Imports of Other Oils (Excluding Fuel Ethanol), 4 Week Avg",Thousand Barrels per Day,4,20110429,1
PET.W_EPPO6_IM0_R40-Z00_MBBLD.4,"Rocky Mountain (PADD 4) Imports of Other Oils (Excluding Fuel Ethanol), 4 Week Avg",Thousand Barrels per Day,4,20110422,1
PET.W_EPPO6_IM0_R40-Z00_MBBLD.4,"Rocky Mountain (PADD 4) Imports of Other Oils (Excluding Fuel Ethanol), 4 Week Avg",Thousand Barrels per Day,4,20110415,1
PET.W_EPPO6_IM0_R40-Z00_MBBLD.4,"Rocky Mountain (PADD 4) Imports of Other Oils (Excluding Fuel Ethanol), 4 Week Avg",Thousand Barrels per Day,4,20110408,1
PET.W_EPPO6_IM0_R40-Z00_MBBLD.4,"Rocky Mountain (PADD 4) Imports of Other Oils (Excluding Fuel Ethanol), 4 Week Avg",Thousand Barrels per Day,4,20110401,1
PET.W_EPPO6_IM0_R40-Z00_MBBLD.4,"Rocky Mountain (PADD 4) Imports of Other Oils (Excluding Fuel Ethanol), 4 Week Avg",Thousand Barrels per Day,4,20110325,1
PET.W_EPPO6_IM0_R40-Z00_MBBLD.4,"Rocky Mountain (PADD 4) Imports of Other Oils (Excluding Fuel Ethanol), 4 Week Avg",Thousand Barrels per Day,4,20110318,1
PET.W_EPPO6_IM0_R40-Z00_MBBLD.4,"Rocky Mountain (PADD 4) Imports of Other Oils (Excluding Fuel Ethanol), 4 Week Avg",Thousand Barrels per Day,4,20110311,1
PET.W_EPPO6_IM0_R40-Z00_MBBLD.4,"Rocky Mountain (PADD 4) Imports of Other Oils (Excluding Fuel Ethanol), 4 Week Avg",Thousand Barrels per Day,4,20110304,1
PET.W_EPPO6_IM0_R40-Z00_MBBLD.4,"Rocky Mountain (PADD 4) Imports of Other Oils (Excluding Fuel Ethanol), 4 Week Avg",Thousand Barrels per Day,4,20110225,2
PET.W_EPPO6_IM0_R40-Z00_MBBLD.4,"Rocky Mountain (PADD 4) Imports of Other Oils (Excluding Fuel Ethanol), 4 Week Avg",Thousand Barrels per Day,4,20110218,2
PET.W_EPPO6_IM0_R40-Z00_MBBLD.4,"Rocky Mountain (PADD 4) Imports of Other Oils (Excluding Fuel Ethanol), 4 Week Avg",Thousand Barrels per Day,4,20110211,3
PET.W_EPPO6_IM0_R40-Z00_MBBLD.4,"Rocky Mountain (PADD 4) Imports of Other Oils (Excluding Fuel Ethanol), 4 Week Avg",Thousand Barrels per Day,4,20110204,3
PET.W_EPPO6_IM0_R40-Z00_MBBLD.4,"Rocky Mountain (PADD 4) Imports of Other Oils (Excluding Fuel Ethanol), 4 Week Avg",Thousand Barrels per Day,4,20110128,3
PET.W_EPPO6_IM0_R40-Z00_MBBLD.4,"Rocky Mountain (PADD 4) Imports of Other Oils (Excluding Fuel Ethanol), 4 Week Avg",Thousand Barrels per Day,4,20110121,2
PET.W_EPPO6_IM0_R40-Z00_MBBLD.4,"Rocky Mountain (PADD 4) Imports of Other Oils (Excluding Fuel Ethanol), 4 Week Avg",Thousand Barrels per Day,4,20110114,1
PET.W_EPPO6_IM0_R40-Z00_MBBLD.4,"Rocky Mountain (PADD 4) Imports of Other Oils (Excluding Fuel Ethanol), 4 Week Avg",Thousand Barrels per Day,4,20110107,1
PET.W_EPPO6_IM0_R40-Z00_MBBLD.4,"Rocky Mountain (PADD 4) Imports of Other Oils (Excluding Fuel Ethanol), 4 Week Avg",Thousand Barrels per Day,4,20101231,1
PET.W_EPPO6_IM0_R40-Z00_MBBLD.4,"Rocky Mountain (PADD 4) Imports of Other Oils (Excluding Fuel Ethanol), 4 Week Avg",Thousand Barrels per Day,4,20101224,2
PET.W_EPPO6_IM0_R40-Z00_MBBLD.4,"Rocky Mountain (PADD 4) Imports of Other Oils (Excluding Fuel Ethanol), 4 Week Avg",Thousand Barrels per Day,4,20101217,2
PET.W_EPPO6_IM0_R40-Z00_MBBLD.4,"Rocky Mountain (PADD 4) Imports of Other Oils (Excluding Fuel Ethanol), 4 Week Avg",Thousand Barrels per Day,4,20101210,1
PET.W_EPPO6_IM0_R40-Z00_MBBLD.4,"Rocky Mountain (PADD 4) Imports of Other Oils (Excluding Fuel Ethanol), 4 Week Avg",Thousand Barrels per Day,4,20101203,1
PET.W_EPPO6_IM0_R40-Z00_MBBLD.4,"Rocky Mountain (PADD 4) Imports of Other Oils (Excluding Fuel Ethanol), 4 Week Avg",Thousand Barrels per Day,4,20101126,0
PET.W_EPPO6_IM0_R40-Z00_MBBLD.4,"Rocky Mountain (PADD 4) Imports of Other Oils (Excluding Fuel Ethanol), 4 Week Avg",Thousand Barrels per Day,4,20101119,0
PET.W_EPPO6_IM0_R40-Z00_MBBLD.4,"Rocky Mountain (PADD 4) Imports of Other Oils (Excluding Fuel Ethanol), 4 Week Avg",Thousand Barrels per Day,4,20101112,0
PET.W_EPPO6_IM0_R40-Z00_MBBLD.4,"Rocky Mountain (PADD 4) Imports of Other Oils (Excluding Fuel Ethanol), 4 Week Avg",Thousand Barrels per Day,4,20101105,0
PET.W_EPPO6_IM0_R40-Z00_MBBLD.4,"Rocky Mountain (PADD 4) Imports of Other Oils (Excluding Fuel Ethanol), 4 Week Avg",Thousand Barrels per Day,4,20101029,0
PET.W_EPPO6_IM0_R40-Z00_MBBLD.4,"Rocky Mountain (PADD 4) Imports of Other Oils (Excluding Fuel Ethanol), 4 Week Avg",Thousand Barrels per Day,4,20101022,0
PET.W_EPPO6_IM0_R40-Z00_MBBLD.4,"Rocky Mountain (PADD 4) Imports of Other Oils (Excluding Fuel Ethanol), 4 Week Avg",Thousand Barrels per Day,4,20101015,1
PET.W_EPPO6_IM0_R40-Z00_MBBLD.4,"Rocky Mountain (PADD 4) Imports of Other Oils (Excluding Fuel Ethanol), 4 Week Avg",Thousand Barrels per Day,4,20101008,1
PET.W_EPPO6_IM0_R40-Z00_MBBLD.4,"Rocky Mountain (PADD 4) Imports of Other Oils (Excluding Fuel Ethanol), 4 Week Avg",Thousand Barrels per Day,4,20101001,1
PET.W_EPPO6_IM0_R40-Z00_MBBLD.4,"Rocky Mountain (PADD 4) Imports of Other Oils (Excluding Fuel Ethanol), 4 Week Avg",Thousand Barrels per Day,4,20100924,1
PET.W_EPPO6_IM0_R40-Z00_MBBLD.4,"Rocky Mountain (PADD 4) Imports of Other Oils (Excluding Fuel Ethanol), 4 Week Avg",Thousand Barrels per Day,4,20100917,0
PET.W_EPPO6_IM0_R40-Z00_MBBLD.4,"Rocky Mountain (PADD 4) Imports of Other Oils (Excluding Fuel Ethanol), 4 Week Avg",Thousand Barrels per Day,4,20100910,0
PET.W_EPPO6_IM0_R40-Z00_MBBLD.4,"Rocky Mountain (PADD 4) Imports of Other Oils (Excluding Fuel Ethanol), 4 Week Avg",Thousand Barrels per Day,4,20100903,0
PET.W_EPPO6_IM0_R40-Z00_MBBLD.4,"Rocky Mountain (PADD 4) Imports of Other Oils (Excluding Fuel Ethanol), 4 Week Avg",Thousand Barrels per Day,4,20100827,0
PET.W_EPPO6_IM0_R40-Z00_MBBLD.4,"Rocky Mountain (PADD 4) Imports of Other Oils (Excluding Fuel Ethanol), 4 Week Avg",Thousand Barrels per Day,4,20100820,0
PET.W_EPPO6_IM0_R40-Z00_MBBLD.4,"Rocky Mountain (PADD 4) Imports of Other Oils (Excluding Fuel Ethanol), 4 Week Avg",Thousand Barrels per Day,4,20100813,1
PET.W_EPPO6_IM0_R40-Z00_MBBLD.4,"Rocky Mountain (PADD 4) Imports of Other Oils (Excluding Fuel Ethanol), 4 Week Avg",Thousand Barrels per Day,4,20100806,1
PET.W_EPPO6_IM0_R40-Z00_MBBLD.4,"Rocky Mountain (PADD 4) Imports of Other Oils (Excluding Fuel Ethanol), 4 Week Avg",Thousand Barrels per Day,4,20100730,1
PET.W_EPPO6_IM0_R40-Z00_MBBLD.4,"Rocky Mountain (PADD 4) Imports of Other Oils (Excluding Fuel Ethanol), 4 Week Avg",Thousand Barrels per Day,4,20100723,1
PET.W_EPPO6_IM0_R40-Z00_MBBLD.4,"Rocky Mountain (PADD 4) Imports of Other Oils (Excluding Fuel Ethanol), 4 Week Avg",Thousand Barrels per Day,4,20100716,1
PET.W_EPPO6_IM0_R40-Z00_MBBLD.4,"Rocky Mountain (PADD 4) Imports of Other Oils (Excluding Fuel Ethanol), 4 Week Avg",Thousand Barrels per Day,4,20100709,1
PET.W_EPPO6_IM0_R40-Z00_MBBLD.4,"Rocky Mountain (PADD 4) Imports of Other Oils (Excluding Fuel Ethanol), 4 Week Avg",Thousand Barrels per Day,4,20100702,0
PET.W_EPPO6_IM0_R40-Z00_MBBLD.4,"Rocky Mountain (PADD 4) Imports of Other Oils (Excluding Fuel Ethanol), 4 Week Avg",Thousand Barrels per Day,4,20100625,0
PET.W_EPPO6_IM0_R40-Z00_MBBLD.4,"Rocky Mountain (PADD 4) Imports of Other Oils (Excluding Fuel Ethanol), 4 Week Avg",Thousand Barrels per Day,4,20100618,null
PET.W_EPPO6_IM0_R40-Z00_MBBLD.4,"Rocky Mountain (PADD 4) Imports of Other Oils (Excluding Fuel Ethanol), 4 Week Avg",Thousand Barrels per Day,4,20100611,null
PET.W_EPPO6_IM0_R40-Z00_MBBLD.4,"Rocky Mountain (PADD 4) Imports of Other Oils (Excluding Fuel Ethanol), 4 Week Avg",Thousand Barrels per Day,4,20100604,null
